material_id,material_description,common_id1,primary_material_weight_g,comment,invoice_paid_date,year
MAT-20000,Paracetamol API,CID-0500,2893.84,legacy mapping,2026-11-13,2025
MAT-20001,Monoclonal Antibody Bulk,CID-0501,4707.41,,2024-10-23,2026
MAT-20002,Synthetic Peptide Concentrate,CID-0502,1215.0,legacy mapping,2026-10-26,2024
MAT-20003,Microcrystalline Cellulose,CID-0503,3981.34,,2025-09-14,2026
MAT-20004,Enteric Coating Blend,CID-0504,1853.48,legacy mapping,2024-07-27,2025
MAT-20005,Methylparaben,CID-0505,528.59,legacy mapping,2026-08-23,2024
MAT-20006,Ethanol (Pharma Grade),CID-0506,2178.0,legacy mapping,2026-09-25,2025
MAT-20007,Water for Injection,CID-0507,2324.9,legacy mapping,2025-04-27,2024
MAT-20008,Glass Vial 2ml,CID-0508,1395.36,confirmed 2025 review,2024-08-19,2026
MAT-20009,Alu-Alu Blister Pack,CID-0509,3341.27,legacy mapping,2024-08-28,2025
MAT-20010,Prefilled Syringe 1ml,CID-0510,910.02,,2025-05-11,2025
MAT-20011,HDPE Bottle 100ml,CID-0511,4401.72,legacy mapping,2026-01-17,2024
MAT-20012,Folding Carton,CID-0512,428.98,confirmed 2025 review,2025-09-25,2024
MAT-20013,Patient Information Leaflet,CID-0513,3453.36,confirmed 2025 review,2025-01-03,2025
MAT-20014,Pressure-sensitive Label,CID-0514,1108.76,,2025-11-19,2025
MAT-20015,Corrugated Shipping Case,CID-0515,2366.83,legacy mapping,2025-12-18,2025
MAT-20016,Stretch Pallet Wrap,CID-0516,1759.7,confirmed 2025 review,2025-05-09,2024
MAT-20017,Fermentation Batch Service,CID-0517,604.16,,2025-02-24,2026
MAT-20018,Custom Synthesis Batch,CID-0518,4754.44,,2024-04-24,2025
MAT-20019,Aseptic Fill & Finish Service,CID-0519,1383.22,legacy mapping,2024-04-10,2024
MAT-20020,Contract Packaging Service,CID-0520,1805.04,legacy mapping,2024-12-18,2024
MAT-20021,Inbound Road Freight - Pallet,CID-0521,1372.28,,2026-05-23,2024
MAT-20022,Inbound Air Freight - Temperature Controlled,CID-0522,3189.71,confirmed 2025 review,2024-01-19,2025
MAT-20023,Inbound Ocean Freight - Container,CID-0523,2347.52,confirmed 2025 review,2025-03-02,2025
MAT-20024,Cold Chain Transport - 2-8C,CID-0524,4705.38,confirmed 2025 review,2024-02-13,2025
MAT-20025,Cold Storage - Warehouse Pallet Slot,CID-0525,371.34,,2024-03-26,2026
MAT-20026,Stainless Steel Reactor Component,CID-0526,4745.68,,2024-02-18,2025
MAT-20027,Filling Line Spare Parts,CID-0527,3031.98,,2026-07-15,2025
MAT-20028,HPLC Consumable Kit,CID-0528,1487.47,confirmed 2025 review,2025-10-20,2024
MAT-20029,Lab Reagent Kit,CID-0529,3048.54,,2024-11-07,2025
MAT-20030,Single-use Bioreactor Bag,CID-0530,3302.48,,2024-03-18,2024
MAT-20031,Comparator Drug Batch,CID-0531,783.51,confirmed 2025 review,2025-12-20,2025
MAT-20032,Clinical Trial Kit,CID-0532,1457.01,,2025-12-10,2026
MAT-20033,Paracetamol API,CID-0533,4298.17,,2026-04-09,2026
MAT-20034,Recombinant Protein Concentrate,CID-0534,2949.36,,2025-02-18,2024
MAT-20035,Synthetic Peptide Concentrate,CID-0535,3238.53,legacy mapping,2024-02-02,2024
MAT-20036,Microcrystalline Cellulose,CID-0536,3963.35,legacy mapping,2025-02-15,2026
MAT-20037,Film Coating Powder,CID-0537,1521.15,confirmed 2025 review,2025-09-18,2025
MAT-20038,Methylparaben,CID-0538,2189.36,,2025-12-11,2026
MAT-20039,Ethanol (Pharma Grade),CID-0539,1252.59,,2024-11-27,2026
MAT-20040,Water for Injection,CID-0540,2936.03,,2026-05-19,2024
MAT-20041,Freeze-dried Vaccine Vial,CID-0541,3815.78,,2025-09-21,2025
MAT-20042,Alu-Alu Blister Pack,CID-0542,4580.45,,2026-07-21,2025
MAT-20043,Prefilled Syringe 2.25ml,CID-0543,4845.31,confirmed 2025 review,2025-07-11,2025
MAT-20044,HDPE Bottle 250ml,CID-0544,3351.0,,2025-07-23,2025
MAT-20045,Corrugated Shipping Box,CID-0545,1441.8,confirmed 2025 review,2026-01-15,2024
MAT-20046,Patient Information Leaflet,CID-0546,1573.27,legacy mapping,2024-07-28,2026
MAT-20047,Pressure-sensitive Label,CID-0547,4124.81,,2026-09-15,2025
MAT-20048,Reusable Shipping Tote,CID-0548,271.97,legacy mapping,2026-08-21,2025
MAT-20049,Stretch Pallet Wrap,CID-0549,3800.19,,2025-09-05,2025
MAT-20050,Fermentation Batch Service,CID-0550,2191.14,confirmed 2025 review,2024-01-21,2026
MAT-20051,Custom Synthesis Batch,CID-0551,3996.77,,2025-09-01,2026
MAT-20052,Aseptic Fill & Finish Service,CID-0552,2040.55,,2024-08-04,2026
MAT-20053,Contract Packaging Service,CID-0553,4160.88,confirmed 2025 review,2026-05-17,2026
MAT-20054,Inbound Road Freight - Pallet,CID-0554,1367.85,confirmed 2025 review,2025-04-15,2026
MAT-20055,Inbound Air Freight - Temperature Controlled,CID-0500,724.07,,2026-09-24,2024
MAT-20056,Inbound Ocean Freight - Container,CID-0501,4320.27,legacy mapping,2025-06-26,2026
MAT-20057,Cold Chain Transport - 2-8C,CID-0502,1336.6,,2025-12-10,2026
MAT-20058,Cold Storage - Warehouse Pallet Slot,CID-0503,2900.04,confirmed 2025 review,2024-08-18,2025
MAT-20059,Stainless Steel Reactor Component,CID-0504,1726.27,confirmed 2025 review,2025-06-28,2024
MAT-20060,Filling Line Spare Parts,CID-0505,4903.89,,2026-07-08,2025
MAT-20061,HPLC Consumable Kit,CID-0506,219.19,confirmed 2025 review,2026-07-13,2026
MAT-20062,Lab Reagent Kit,CID-0507,3962.18,,2025-01-05,2026
MAT-20063,Single-use Bioreactor Bag,CID-0508,4826.8,legacy mapping,2024-08-04,2026
MAT-20064,Comparator Drug Batch,CID-0509,4552.3,,2026-03-14,2026
MAT-20065,Clinical Trial Kit,CID-0510,4849.81,,2025-05-11,2026
MAT-20066,Ibuprofen API,CID-0511,3463.83,,2025-11-28,2026
MAT-20067,Recombinant Protein Concentrate,CID-0512,1900.67,legacy mapping,2026-12-25,2025
MAT-20068,Synthetic Peptide Concentrate,CID-0513,4362.04,,2026-02-08,2026
MAT-20069,Microcrystalline Cellulose,CID-0514,3422.31,legacy mapping,2024-12-03,2025
MAT-20070,Film Coating Powder,CID-0515,4891.71,,2025-03-23,2025
MAT-20071,Sodium Benzoate,CID-0516,4517.22,,2025-01-10,2025
MAT-20072,Ethanol (Pharma Grade),CID-0517,1874.83,,2024-09-14,2026
MAT-20073,Water for Injection,CID-0518,3409.32,,2024-03-03,2026
MAT-20074,Glass Vial 2ml,CID-0519,4354.33,,2025-10-05,2024
MAT-20075,PVC Blister Pack,CID-0520,2306.29,legacy mapping,2025-05-22,2024
MAT-20076,Prefilled Syringe 1ml,CID-0521,4494.64,confirmed 2025 review,2025-11-18,2024
MAT-20077,HDPE Bottle 100ml,CID-0522,370.24,legacy mapping,2026-05-21,2025
MAT-20078,Folding Carton,CID-0523,3451.88,confirmed 2025 review,2025-04-13,2025
MAT-20079,Patient Information Leaflet,CID-0524,534.16,confirmed 2025 review,2026-06-19,2025
MAT-20080,Pressure-sensitive Label,CID-0525,4963.47,legacy mapping,2024-11-13,2025
MAT-20081,Corrugated Shipping Case,CID-0526,41.48,,2026-12-16,2025
MAT-20082,Stretch Pallet Wrap,CID-0527,3878.93,,2026-06-08,2026
MAT-20083,Fermentation Batch Service,CID-0528,951.47,legacy mapping,2026-12-25,2026
MAT-20084,Custom Synthesis Batch,CID-0529,3404.59,,2026-02-21,2026
MAT-20085,Aseptic Fill & Finish Service,CID-0530,198.07,confirmed 2025 review,2024-10-12,2026
MAT-20086,Contract Packaging Service,CID-0531,657.93,legacy mapping,2025-12-14,2024
MAT-20087,Inbound Road Freight - Pallet,CID-0532,1004.77,legacy mapping,2026-09-09,2024
MAT-20088,Inbound Air Freight - Temperature Controlled,CID-0533,1285.59,confirmed 2025 review,2025-12-28,2025
MAT-20089,Inbound Ocean Freight - Container,CID-0534,4021.36,confirmed 2025 review,2024-03-25,2024
MAT-20090,Cold Chain Transport - 2-8C,CID-0535,4300.84,confirmed 2025 review,2026-06-03,2025
MAT-20091,Cold Storage - Warehouse Pallet Slot,CID-0536,70.58,,2025-06-22,2026
MAT-20092,Stainless Steel Reactor Component,CID-0537,3362.03,confirmed 2025 review,2026-06-04,2026
MAT-20093,Filling Line Spare Parts,CID-0538,1169.88,,2026-09-11,2026
MAT-20094,HPLC Consumable Kit,CID-0539,1107.61,,2026-08-23,2025
MAT-20095,Lab Reagent Kit,CID-0540,3246.55,,2024-01-02,2025
MAT-20096,Pipette Tips (case),CID-0541,4979.64,,2024-04-18,2024
MAT-20097,Comparator Drug Batch,CID-0542,1943.84,legacy mapping,2026-12-23,2026
MAT-20098,Clinical Trial Kit,CID-0543,2096.21,,2025-11-04,2025
MAT-20099,Ibuprofen API,CID-0544,3078.65,legacy mapping,2024-12-12,2024
MAT-20100,Recombinant Protein Concentrate,CID-0545,2217.47,,2025-02-22,2025
MAT-20101,Synthetic Peptide Concentrate,CID-0546,2722.78,legacy mapping,2024-07-09,2024
MAT-20102,Lactose Monohydrate,CID-0547,4841.07,confirmed 2025 review,2024-11-07,2026
MAT-20103,Enteric Coating Blend,CID-0548,3197.83,,2024-06-08,2024
MAT-20104,Sodium Benzoate,CID-0549,3935.1,,2024-09-07,2026
MAT-20105,Isopropyl Alcohol,CID-0550,1080.54,,2025-03-26,2026
MAT-20106,Water for Injection,CID-0551,15.17,,2024-09-09,2024
MAT-20107,Freeze-dried Vaccine Vial,CID-0552,550.52,,2024-01-12,2024
MAT-20108,Alu-Alu Blister Pack,CID-0553,2944.68,,2024-05-02,2024
MAT-20109,Prefilled Syringe 2.25ml,CID-0554,3708.85,,2026-02-16,2025
MAT-20110,HDPE Bottle 250ml,CID-0500,3890.31,,2025-09-08,2026
MAT-20111,Corrugated Shipping Box,CID-0501,217.78,legacy mapping,2025-11-01,2024
MAT-20112,Patient Information Leaflet,CID-0502,4992.94,confirmed 2025 review,2025-11-04,2025
MAT-20113,Pressure-sensitive Label,CID-0503,3562.29,confirmed 2025 review,2024-02-11,2026
MAT-20114,Reusable Shipping Tote,CID-0504,742.52,,2025-10-21,2026
MAT-20115,Stretch Pallet Wrap,CID-0505,2742.23,legacy mapping,2025-10-17,2025
MAT-20116,Fermentation Batch Service,CID-0506,2269.12,confirmed 2025 review,2024-12-04,2026
MAT-20117,Custom Synthesis Batch,CID-0507,3254.93,,2025-08-08,2025
MAT-20118,Aseptic Fill & Finish Service,CID-0508,1695.32,confirmed 2025 review,2025-07-24,2024
MAT-20119,Contract Packaging Service,CID-0509,1563.43,legacy mapping,2026-05-12,2024
MAT-20120,Inbound Road Freight - Pallet,CID-0510,3434.42,confirmed 2025 review,2024-02-27,2024
MAT-20121,Inbound Air Freight - Temperature Controlled,CID-0511,467.06,,2026-12-12,2024
MAT-20122,Inbound Ocean Freight - Container,CID-0512,2782.3,legacy mapping,2026-02-14,2025
MAT-20123,Cold Chain Transport - 2-8C,CID-0513,4368.16,confirmed 2025 review,2026-01-10,2026
MAT-20124,Cold Storage - Warehouse Pallet Slot,CID-0514,1562.93,,2026-09-07,2024
MAT-20125,Stainless Steel Reactor Component,CID-0515,3284.02,,2024-06-28,2026
MAT-20126,Filling Line Spare Parts,CID-0516,1838.44,legacy mapping,2026-04-26,2025
MAT-20127,HPLC Consumable Kit,CID-0517,4225.93,,2026-11-27,2026
MAT-20128,Lab Reagent Kit,CID-0518,1337.97,,2025-12-25,2025
MAT-20129,Pipette Tips (case),CID-0519,4607.77,legacy mapping,2024-03-28,2024
MAT-20130,Comparator Drug Batch,CID-0520,2832.04,confirmed 2025 review,2024-03-24,2026
MAT-20131,Clinical Trial Kit,CID-0521,4859.08,,2026-09-07,2025
MAT-20132,Paracetamol API,CID-0522,2099.74,legacy mapping,2024-06-10,2026
MAT-20133,Monoclonal Antibody Bulk,CID-0523,1622.59,,2024-03-06,2026
MAT-20134,Synthetic Peptide Concentrate,CID-0524,249.76,,2025-08-22,2025
MAT-20135,Microcrystalline Cellulose,CID-0525,2428.82,confirmed 2025 review,2025-05-07,2026
MAT-20136,Enteric Coating Blend,CID-0526,569.97,confirmed 2025 review,2024-05-22,2026
MAT-20137,Methylparaben,CID-0527,2966.08,legacy mapping,2024-04-13,2026
MAT-20138,Isopropyl Alcohol,CID-0528,274.86,,2025-04-25,2024
MAT-20139,Water for Injection,CID-0529,3821.04,legacy mapping,2025-02-01,2025
MAT-20140,Freeze-dried Vaccine Vial,CID-0530,3735.32,,2024-07-18,2026
MAT-20141,Alu-Alu Blister Pack,CID-0531,1151.32,legacy mapping,2024-07-28,2026
MAT-20142,Prefilled Syringe 1ml,CID-0532,212.47,,2025-02-28,2025
MAT-20143,HDPE Bottle 250ml,CID-0533,2879.22,confirmed 2025 review,2026-11-14,2025
MAT-20144,Folding Carton,CID-0534,576.75,,2025-03-26,2026
MAT-20145,Patient Information Leaflet,CID-0535,2301.02,legacy mapping,2024-07-28,2024
MAT-20146,Pressure-sensitive Label,CID-0536,1217.34,confirmed 2025 review,2026-02-13,2025
MAT-20147,Reusable Shipping Tote,CID-0537,3729.28,,2025-03-03,2026
MAT-20148,Stretch Pallet Wrap,CID-0538,3166.49,,2025-06-24,2026
MAT-20149,Fermentation Batch Service,CID-0539,4075.37,,2024-03-09,2024
MAT-29000,Background Material,CID-0540,868.32,,2026-02-06,2026
MAT-29001,Background Material,CID-0541,2471.09,confirmed 2025 review,2026-10-21,2026
MAT-29002,Background Material,CID-0542,4932.67,legacy mapping,2026-06-05,2025
MAT-29003,Background Material,CID-0543,342.36,confirmed 2025 review,2026-05-26,2025
MAT-29004,Background Material,CID-0544,2957.51,legacy mapping,2026-02-10,2025
MAT-29005,Background Material,CID-0545,2260.12,,2025-05-03,2026
MAT-29006,Background Material,CID-0546,4321.39,,2026-10-17,2025
MAT-29007,Background Material,CID-0547,2314.1,,2025-10-21,2024
MAT-29008,Background Material,CID-0548,1608.31,confirmed 2025 review,2026-03-02,2025
MAT-29009,Background Material,CID-0549,518.41,legacy mapping,2026-02-17,2026
MAT-29010,Background Material,CID-0550,863.62,,2026-08-15,2026
MAT-29011,Background Material,CID-0551,2614.22,,2025-06-10,2025
MAT-29012,Background Material,CID-0552,2044.44,legacy mapping,2026-10-02,2026
MAT-29013,Background Material,CID-0553,3236.88,,2025-02-18,2026
MAT-29014,Background Material,CID-0554,1933.43,legacy mapping,2026-11-20,2024
MAT-29015,Background Material,CID-0500,1667.48,,2025-05-21,2026
MAT-29016,Background Material,CID-0501,3311.01,,2026-12-03,2025
MAT-29017,Background Material,CID-0502,2795.05,legacy mapping,2024-11-23,2026
MAT-29018,Background Material,CID-0503,4985.82,,2026-11-14,2026
MAT-29019,Background Material,CID-0504,1809.78,legacy mapping,2025-03-07,2025
MAT-29020,Background Material,CID-0505,4738.39,confirmed 2025 review,2024-04-05,2024
MAT-29021,Background Material,CID-0506,386.75,,2026-09-27,2026
MAT-29022,Background Material,CID-0507,4418.53,,2026-06-25,2026
MAT-29023,Background Material,CID-0508,656.11,confirmed 2025 review,2024-03-06,2026
MAT-29024,Background Material,CID-0509,3855.72,,2026-08-02,2025
MAT-29025,Background Material,CID-0510,1822.13,,2025-10-10,2026
MAT-29026,Background Material,CID-0511,3919.22,,2026-04-10,2025
MAT-29027,Background Material,CID-0512,4519.97,,2025-11-19,2025
MAT-29028,Background Material,CID-0513,2308.94,legacy mapping,2025-09-17,2025
MAT-29029,Background Material,CID-0514,4831.37,,2026-03-28,2025
MAT-29030,Background Material,CID-0515,261.85,confirmed 2025 review,2025-09-04,2026
MAT-29031,Background Material,CID-0516,4229.62,,2025-02-25,2024
MAT-29032,Background Material,CID-0517,1364.68,,2025-02-08,2025
MAT-29033,Background Material,CID-0518,4423.26,,2025-01-13,2026
MAT-29034,Background Material,CID-0519,1870.43,confirmed 2025 review,2024-06-08,2024
MAT-29035,Background Material,CID-0520,1594.11,,2026-11-11,2024
MAT-29036,Background Material,CID-0521,688.86,legacy mapping,2025-12-27,2024
MAT-29037,Background Material,CID-0522,3794.45,confirmed 2025 review,2025-10-01,2024
MAT-29038,Background Material,CID-0523,96.0,,2024-09-24,2026
MAT-29039,Background Material,CID-0524,2639.33,,2025-04-10,2024
MAT-29040,Background Material,CID-0525,239.7,confirmed 2025 review,2026-10-15,2024
MAT-29041,Background Material,CID-0526,555.18,confirmed 2025 review,2026-09-01,2026
MAT-29042,Background Material,CID-0527,2577.36,,2026-03-10,2025
MAT-29043,Background Material,CID-0528,8.82,legacy mapping,2024-10-14,2024
MAT-29044,Background Material,CID-0529,3322.19,,2026-06-03,2026
MAT-29045,Background Material,CID-0530,2720.87,,2025-08-02,2026
MAT-29046,Background Material,CID-0531,1935.02,legacy mapping,2025-12-01,2025
MAT-29047,Background Material,CID-0532,3942.81,legacy mapping,2024-12-22,2026
MAT-29048,Background Material,CID-0533,519.22,legacy mapping,2024-01-12,2026
MAT-29049,Background Material,CID-0534,1693.4,,2026-08-23,2025
MAT-29050,Background Material,CID-0535,3159.05,,2024-12-25,2025
MAT-29051,Background Material,CID-0536,185.88,,2024-04-02,2025
MAT-29052,Background Material,CID-0537,4666.92,confirmed 2025 review,2026-08-09,2024
MAT-29053,Background Material,CID-0538,3766.7,,2025-06-28,2024
MAT-29054,Background Material,CID-0539,4329.13,legacy mapping,2025-02-26,2025
MAT-29055,Background Material,CID-0540,2185.32,confirmed 2025 review,2026-08-13,2025
MAT-29056,Background Material,CID-0541,4868.64,confirmed 2025 review,2026-08-12,2026
MAT-29057,Background Material,CID-0542,1334.34,,2026-07-03,2025
MAT-29058,Background Material,CID-0543,3012.66,,2026-05-11,2024
MAT-29059,Background Material,CID-0544,401.26,legacy mapping,2025-08-20,2026
MAT-29060,Background Material,CID-0545,2131.15,confirmed 2025 review,2025-08-02,2026
MAT-29061,Background Material,CID-0546,4350.32,legacy mapping,2026-07-09,2026
MAT-29062,Background Material,CID-0547,4900.16,,2024-11-21,2025
MAT-29063,Background Material,CID-0548,1817.19,,2024-03-28,2026
MAT-29064,Background Material,CID-0549,3390.77,confirmed 2025 review,2024-03-03,2024
MAT-29065,Background Material,CID-0550,3892.8,legacy mapping,2025-07-19,2024
MAT-29066,Background Material,CID-0551,3025.87,confirmed 2025 review,2025-06-15,2024
MAT-29067,Background Material,CID-0552,2870.03,legacy mapping,2025-06-21,2025
MAT-29068,Background Material,CID-0553,1248.81,,2024-12-06,2025
MAT-29069,Background Material,CID-0554,2589.21,,2025-05-23,2025
MAT-29070,Background Material,CID-0500,1073.64,legacy mapping,2026-08-07,2024
MAT-29071,Background Material,CID-0501,679.51,,2025-03-23,2025
MAT-29072,Background Material,CID-0502,4986.31,legacy mapping,2026-06-23,2024
MAT-29073,Background Material,CID-0503,2750.44,legacy mapping,2025-03-23,2026
MAT-29074,Background Material,CID-0504,4636.69,,2025-09-08,2024
MAT-29075,Background Material,CID-0505,4925.68,,2024-08-01,2025
MAT-29076,Background Material,CID-0506,2770.55,legacy mapping,2025-09-05,2026
MAT-29077,Background Material,CID-0507,4421.35,,2025-07-23,2026
MAT-29078,Background Material,CID-0508,2393.85,confirmed 2025 review,2025-10-03,2024
MAT-29079,Background Material,CID-0509,4861.93,,2025-08-22,2026
MAT-29080,Background Material,CID-0510,1723.23,,2024-07-17,2024
MAT-29081,Background Material,CID-0511,4157.12,,2025-03-06,2025
MAT-29082,Background Material,CID-0512,4673.75,,2025-09-10,2024
MAT-29083,Background Material,CID-0513,1253.78,legacy mapping,2024-11-10,2026
MAT-29084,Background Material,CID-0514,2667.86,,2026-10-05,2024
MAT-29085,Background Material,CID-0515,3294.01,legacy mapping,2026-01-27,2024
MAT-29086,Background Material,CID-0516,407.03,legacy mapping,2026-04-25,2026
MAT-29087,Background Material,CID-0517,2083.52,,2025-11-18,2025
MAT-29088,Background Material,CID-0518,3209.89,legacy mapping,2025-04-26,2026
MAT-29089,Background Material,CID-0519,2031.06,confirmed 2025 review,2024-12-02,2024
MAT-29090,Background Material,CID-0520,2198.59,confirmed 2025 review,2025-04-11,2026
MAT-29091,Background Material,CID-0521,719.2,legacy mapping,2026-06-13,2024
MAT-29092,Background Material,CID-0522,3803.56,,2025-04-15,2024
MAT-29093,Background Material,CID-0523,1338.09,,2024-02-02,2025
MAT-29094,Background Material,CID-0524,4726.98,confirmed 2025 review,2024-03-27,2025
MAT-29095,Background Material,CID-0525,4668.82,legacy mapping,2024-03-16,2026
MAT-29096,Background Material,CID-0526,2334.61,legacy mapping,2025-01-03,2025
MAT-29097,Background Material,CID-0527,2527.72,,2024-10-12,2024
MAT-29098,Background Material,CID-0528,253.65,confirmed 2025 review,2026-11-22,2025
MAT-29099,Background Material,CID-0529,1429.46,,2024-07-05,2025
MAT-29100,Background Material,CID-0530,3637.81,confirmed 2025 review,2025-01-13,2024
MAT-29101,Background Material,CID-0531,2851.84,,2025-09-10,2024
MAT-29102,Background Material,CID-0532,1932.36,confirmed 2025 review,2026-05-27,2026
MAT-29103,Background Material,CID-0533,3402.31,,2024-02-13,2025
MAT-29104,Background Material,CID-0534,3974.69,legacy mapping,2026-06-25,2024
MAT-29105,Background Material,CID-0535,996.09,confirmed 2025 review,2026-01-02,2024
MAT-29106,Background Material,CID-0536,686.04,legacy mapping,2025-09-15,2024
MAT-29107,Background Material,CID-0537,3031.7,,2025-10-11,2024
MAT-29108,Background Material,CID-0538,1965.38,legacy mapping,2026-06-17,2026
MAT-29109,Background Material,CID-0539,2662.17,legacy mapping,2025-01-12,2025
MAT-29110,Background Material,CID-0540,3369.36,confirmed 2025 review,2026-05-26,2026
MAT-29111,Background Material,CID-0541,4360.62,,2026-08-09,2026
MAT-29112,Background Material,CID-0542,3914.74,,2026-01-19,2025
MAT-29113,Background Material,CID-0543,853.39,confirmed 2025 review,2024-11-08,2024
MAT-29114,Background Material,CID-0544,2863.28,,2024-01-15,2025
MAT-29115,Background Material,CID-0545,2094.48,confirmed 2025 review,2026-04-14,2026
MAT-29116,Background Material,CID-0546,3875.09,confirmed 2025 review,2026-12-02,2026
MAT-29117,Background Material,CID-0547,691.27,,2026-06-22,2025
MAT-29118,Background Material,CID-0548,2627.86,legacy mapping,2024-08-18,2025
MAT-29119,Background Material,CID-0549,2731.82,legacy mapping,2026-08-07,2024
MAT-29120,Background Material,CID-0550,1395.75,legacy mapping,2024-05-25,2025
MAT-29121,Background Material,CID-0551,3524.8,confirmed 2025 review,2025-08-12,2026
MAT-29122,Background Material,CID-0552,4668.57,legacy mapping,2025-02-19,2026
MAT-29123,Background Material,CID-0553,2716.41,confirmed 2025 review,2025-03-10,2024
MAT-29124,Background Material,CID-0554,1438.86,,2025-08-21,2025
MAT-29125,Background Material,CID-0500,3736.95,,2024-09-09,2026
MAT-29126,Background Material,CID-0501,3481.16,,2024-10-24,2026
MAT-29127,Background Material,CID-0502,1197.17,,2026-09-08,2026
MAT-29128,Background Material,CID-0503,1164.95,,2025-06-23,2025
MAT-29129,Background Material,CID-0504,503.62,,2024-09-06,2025
MAT-29130,Background Material,CID-0505,3264.81,confirmed 2025 review,2025-11-07,2025
MAT-29131,Background Material,CID-0506,1606.52,,2024-11-19,2024
MAT-29132,Background Material,CID-0507,2676.23,,2024-07-27,2024
MAT-29133,Background Material,CID-0508,4669.68,,2025-08-06,2026
MAT-29134,Background Material,CID-0509,4810.69,legacy mapping,2024-01-10,2026
MAT-29135,Background Material,CID-0510,3014.31,legacy mapping,2025-08-21,2026
MAT-29136,Background Material,CID-0511,2622.07,,2026-08-09,2024
MAT-29137,Background Material,CID-0512,4044.26,legacy mapping,2024-12-15,2026
MAT-29138,Background Material,CID-0513,1287.07,,2024-12-11,2025
MAT-29139,Background Material,CID-0514,2839.34,,2024-10-28,2026
MAT-29140,Background Material,CID-0515,4485.32,confirmed 2025 review,2026-06-03,2025
MAT-29141,Background Material,CID-0516,3346.61,,2024-08-11,2024
MAT-29142,Background Material,CID-0517,35.14,confirmed 2025 review,2024-08-25,2025
MAT-29143,Background Material,CID-0518,4770.22,legacy mapping,2026-12-19,2024
MAT-29144,Background Material,CID-0519,1308.5,legacy mapping,2026-04-02,2026
MAT-29145,Background Material,CID-0520,592.01,legacy mapping,2024-07-22,2026
MAT-29146,Background Material,CID-0521,4615.61,legacy mapping,2026-02-21,2025
MAT-29147,Background Material,CID-0522,1838.35,,2024-03-16,2024
MAT-29148,Background Material,CID-0523,2275.44,legacy mapping,2025-12-18,2025
MAT-29149,Background Material,CID-0524,3787.0,,2024-11-25,2026
MAT-29150,Background Material,CID-0525,4365.8,,2026-08-17,2026
MAT-29151,Background Material,CID-0526,1809.56,,2024-09-17,2024
MAT-29152,Background Material,CID-0527,2863.94,,2024-06-28,2026
MAT-29153,Background Material,CID-0528,2209.76,,2026-10-16,2024
MAT-29154,Background Material,CID-0529,4494.55,confirmed 2025 review,2024-08-05,2026
MAT-29155,Background Material,CID-0530,2077.71,,2026-08-22,2025
MAT-29156,Background Material,CID-0531,3616.68,confirmed 2025 review,2025-01-24,2024
MAT-29157,Background Material,CID-0532,2891.98,,2025-06-23,2024
MAT-29158,Background Material,CID-0533,2706.28,,2024-08-02,2025
MAT-29159,Background Material,CID-0534,2044.93,,2026-12-21,2025
MAT-29160,Background Material,CID-0535,1872.93,confirmed 2025 review,2025-07-13,2024
MAT-29161,Background Material,CID-0536,3413.97,,2026-06-04,2024
MAT-29162,Background Material,CID-0537,4964.24,confirmed 2025 review,2026-03-24,2024
MAT-29163,Background Material,CID-0538,4174.27,,2025-08-22,2026
MAT-29164,Background Material,CID-0539,2722.68,confirmed 2025 review,2024-04-15,2025
MAT-29165,Background Material,CID-0540,776.45,,2026-02-02,2026
MAT-29166,Background Material,CID-0541,2096.78,,2024-04-03,2024
MAT-29167,Background Material,CID-0542,2970.13,confirmed 2025 review,2026-11-23,2024
MAT-29168,Background Material,CID-0543,1224.43,,2025-08-08,2026
MAT-29169,Background Material,CID-0544,1087.13,,2024-09-10,2024
MAT-29170,Background Material,CID-0545,4079.12,legacy mapping,2026-10-25,2026
MAT-29171,Background Material,CID-0546,4092.09,,2025-03-22,2026
MAT-29172,Background Material,CID-0547,1105.99,legacy mapping,2025-01-18,2026
MAT-29173,Background Material,CID-0548,4398.69,,2026-11-14,2026
MAT-29174,Background Material,CID-0549,2478.61,legacy mapping,2026-11-13,2026
MAT-29175,Background Material,CID-0550,1594.35,confirmed 2025 review,2025-03-10,2025
MAT-29176,Background Material,CID-0551,920.21,confirmed 2025 review,2024-04-10,2026
MAT-29177,Background Material,CID-0552,722.61,confirmed 2025 review,2024-09-14,2025
MAT-29178,Background Material,CID-0553,2786.88,,2025-04-09,2024
MAT-29179,Background Material,CID-0554,1651.98,,2025-06-03,2026
MAT-29180,Background Material,CID-0500,3623.2,,2024-05-13,2026
MAT-29181,Background Material,CID-0501,3025.24,,2024-04-26,2026
MAT-29182,Background Material,CID-0502,3621.8,,2025-04-28,2025
MAT-29183,Background Material,CID-0503,1516.64,,2024-04-24,2024
MAT-29184,Background Material,CID-0504,3734.65,confirmed 2025 review,2024-12-20,2026
MAT-29185,Background Material,CID-0505,1023.36,,2026-06-25,2025
MAT-29186,Background Material,CID-0506,1903.93,legacy mapping,2025-05-12,2026
MAT-29187,Background Material,CID-0507,4414.18,confirmed 2025 review,2024-12-16,2025
MAT-29188,Background Material,CID-0508,4571.74,legacy mapping,2025-07-02,2026
MAT-29189,Background Material,CID-0509,4320.56,,2024-05-18,2026
MAT-29190,Background Material,CID-0510,2896.14,confirmed 2025 review,2025-03-07,2025
MAT-29191,Background Material,CID-0511,1150.86,,2025-09-21,2026
MAT-29192,Background Material,CID-0512,1688.48,confirmed 2025 review,2026-11-24,2025
MAT-29193,Background Material,CID-0513,2304.68,legacy mapping,2024-03-24,2026
MAT-29194,Background Material,CID-0514,2442.09,,2026-01-27,2024
MAT-29195,Background Material,CID-0515,4726.0,,2024-07-05,2026
MAT-29196,Background Material,CID-0516,1157.94,,2024-04-17,2025
MAT-29197,Background Material,CID-0517,1866.63,confirmed 2025 review,2026-08-01,2024
MAT-29198,Background Material,CID-0518,2661.53,confirmed 2025 review,2024-01-17,2026
MAT-29199,Background Material,CID-0519,1374.43,legacy mapping,2024-09-27,2026
MAT-29200,Background Material,CID-0520,3370.49,,2024-02-17,2024
MAT-29201,Background Material,CID-0521,1205.6,legacy mapping,2025-05-26,2025
MAT-29202,Background Material,CID-0522,396.02,confirmed 2025 review,2025-10-08,2026
MAT-29203,Background Material,CID-0523,1130.06,,2026-11-25,2024
MAT-29204,Background Material,CID-0524,468.41,confirmed 2025 review,2025-09-16,2024
MAT-29205,Background Material,CID-0525,3184.1,,2024-08-28,2025
MAT-29206,Background Material,CID-0526,3224.89,legacy mapping,2026-02-17,2024
MAT-29207,Background Material,CID-0527,1149.6,confirmed 2025 review,2025-01-03,2026
MAT-29208,Background Material,CID-0528,4628.0,,2024-06-01,2024
MAT-29209,Background Material,CID-0529,2935.59,confirmed 2025 review,2024-05-06,2026
MAT-29210,Background Material,CID-0530,1203.12,confirmed 2025 review,2026-09-11,2025
MAT-29211,Background Material,CID-0531,3778.29,,2026-12-03,2026
MAT-29212,Background Material,CID-0532,3727.54,legacy mapping,2024-02-14,2024
MAT-29213,Background Material,CID-0533,4193.53,legacy mapping,2026-10-20,2025
MAT-29214,Background Material,CID-0534,4844.63,legacy mapping,2024-11-09,2025
MAT-29215,Background Material,CID-0535,2453.53,legacy mapping,2026-07-14,2024
MAT-29216,Background Material,CID-0536,3398.79,confirmed 2025 review,2024-10-10,2024
MAT-29217,Background Material,CID-0537,3565.83,,2025-03-13,2026
MAT-29218,Background Material,CID-0538,3919.67,,2026-07-11,2025
MAT-29219,Background Material,CID-0539,533.65,,2025-08-12,2025
MAT-29220,Background Material,CID-0540,512.05,,2024-07-15,2026
MAT-29221,Background Material,CID-0541,2774.15,confirmed 2025 review,2024-01-03,2025
MAT-29222,Background Material,CID-0542,2771.54,legacy mapping,2025-01-10,2025
MAT-29223,Background Material,CID-0543,1939.61,,2026-09-08,2026
MAT-29224,Background Material,CID-0544,2606.0,confirmed 2025 review,2024-03-09,2025
MAT-29225,Background Material,CID-0545,1342.77,,2024-03-14,2025
MAT-29226,Background Material,CID-0546,2106.09,confirmed 2025 review,2024-06-09,2024
MAT-29227,Background Material,CID-0547,3604.78,confirmed 2025 review,2026-10-07,2025
MAT-29228,Background Material,CID-0548,535.75,legacy mapping,2024-07-11,2026
MAT-29229,Background Material,CID-0549,1900.07,legacy mapping,2025-06-14,2026
MAT-29230,Background Material,CID-0550,4871.15,,2025-06-20,2026
MAT-29231,Background Material,CID-0551,1005.06,legacy mapping,2024-07-11,2025
MAT-29232,Background Material,CID-0552,3674.64,confirmed 2025 review,2026-04-11,2025
MAT-29233,Background Material,CID-0553,1402.22,confirmed 2025 review,2025-02-19,2024
MAT-29234,Background Material,CID-0554,2961.54,,2026-09-01,2026
MAT-29235,Background Material,CID-0500,2308.65,,2025-05-27,2026
MAT-29236,Background Material,CID-0501,346.72,confirmed 2025 review,2026-08-05,2026
MAT-29237,Background Material,CID-0502,1514.86,legacy mapping,2026-03-23,2025
MAT-29238,Background Material,CID-0503,3945.59,,2025-10-16,2026
MAT-29239,Background Material,CID-0504,2004.62,confirmed 2025 review,2026-01-26,2025
MAT-29240,Background Material,CID-0505,3508.47,,2024-04-22,2026
MAT-29241,Background Material,CID-0506,1775.69,,2026-11-22,2026
MAT-29242,Background Material,CID-0507,1998.69,legacy mapping,2025-02-01,2024
MAT-29243,Background Material,CID-0508,1294.43,,2025-06-13,2025
MAT-29244,Background Material,CID-0509,3861.94,,2025-01-16,2024
MAT-29245,Background Material,CID-0510,1477.87,,2024-12-05,2025
MAT-29246,Background Material,CID-0511,1560.14,confirmed 2025 review,2024-09-16,2025
MAT-29247,Background Material,CID-0512,2381.34,confirmed 2025 review,2026-12-15,2025
MAT-29248,Background Material,CID-0513,336.8,,2026-02-01,2025
MAT-29249,Background Material,CID-0514,3240.2,,2026-04-17,2024
MAT-29250,Background Material,CID-0515,2760.0,legacy mapping,2026-07-15,2024
MAT-29251,Background Material,CID-0516,3988.98,,2024-11-22,2025
MAT-29252,Background Material,CID-0517,1978.52,,2025-10-14,2025
MAT-29253,Background Material,CID-0518,23.25,,2024-05-25,2026
MAT-29254,Background Material,CID-0519,4043.84,,2026-02-26,2026
MAT-29255,Background Material,CID-0520,935.61,legacy mapping,2024-08-04,2025
MAT-29256,Background Material,CID-0521,3353.84,confirmed 2025 review,2026-11-11,2026
MAT-29257,Background Material,CID-0522,1943.81,confirmed 2025 review,2026-02-12,2025
MAT-29258,Background Material,CID-0523,4227.74,,2026-12-26,2025
MAT-29259,Background Material,CID-0524,4593.49,,2026-03-11,2024
MAT-29260,Background Material,CID-0525,1193.63,,2024-06-23,2024
MAT-29261,Background Material,CID-0526,2554.61,confirmed 2025 review,2026-03-19,2025
MAT-29262,Background Material,CID-0527,2115.77,confirmed 2025 review,2026-09-23,2026
MAT-29263,Background Material,CID-0528,4653.54,,2026-03-16,2025
MAT-29264,Background Material,CID-0529,702.34,legacy mapping,2025-10-02,2025
MAT-29265,Background Material,CID-0530,4759.26,confirmed 2025 review,2024-04-27,2025
MAT-29266,Background Material,CID-0531,4819.18,confirmed 2025 review,2025-11-16,2025
MAT-29267,Background Material,CID-0532,3551.0,confirmed 2025 review,2025-03-03,2026
MAT-29268,Background Material,CID-0533,155.27,,2025-01-09,2024
MAT-29269,Background Material,CID-0534,2688.51,,2025-10-24,2025
MAT-29270,Background Material,CID-0535,2749.08,,2026-02-09,2026
MAT-29271,Background Material,CID-0536,4116.59,legacy mapping,2026-01-25,2026
MAT-29272,Background Material,CID-0537,2207.39,,2025-02-24,2026
MAT-29273,Background Material,CID-0538,3756.98,legacy mapping,2024-08-09,2025
MAT-29274,Background Material,CID-0539,4311.14,,2025-02-25,2024
MAT-29275,Background Material,CID-0540,1050.18,legacy mapping,2026-10-21,2025
MAT-29276,Background Material,CID-0541,830.74,,2024-04-26,2024
MAT-29277,Background Material,CID-0542,2850.8,legacy mapping,2026-09-06,2025
MAT-29278,Background Material,CID-0543,4895.02,legacy mapping,2025-10-09,2026
MAT-29279,Background Material,CID-0544,4927.46,,2024-07-02,2025
MAT-29280,Background Material,CID-0545,4335.37,,2026-03-08,2024
MAT-29281,Background Material,CID-0546,3557.26,,2026-07-16,2024
MAT-29282,Background Material,CID-0547,2887.55,legacy mapping,2026-07-13,2025
MAT-29283,Background Material,CID-0548,378.51,,2025-09-24,2025
MAT-29284,Background Material,CID-0549,3473.82,legacy mapping,2025-08-11,2026
MAT-29285,Background Material,CID-0550,13.36,,2026-08-21,2026
MAT-29286,Background Material,CID-0551,3486.75,,2026-07-07,2025
MAT-29287,Background Material,CID-0552,4124.41,confirmed 2025 review,2025-06-27,2025
MAT-29288,Background Material,CID-0553,1689.44,,2026-08-26,2025
MAT-29289,Background Material,CID-0554,4470.88,,2024-02-21,2025
MAT-29290,Background Material,CID-0500,82.39,,2025-08-01,2025
MAT-29291,Background Material,CID-0501,1012.39,,2026-05-06,2025
MAT-29292,Background Material,CID-0502,467.61,legacy mapping,2025-02-12,2026
MAT-29293,Background Material,CID-0503,4519.1,,2024-07-21,2025
MAT-29294,Background Material,CID-0504,3630.22,,2025-11-03,2026
MAT-29295,Background Material,CID-0505,476.82,,2025-02-05,2026
MAT-29296,Background Material,CID-0506,1131.73,confirmed 2025 review,2024-01-23,2025
MAT-29297,Background Material,CID-0507,4085.73,confirmed 2025 review,2026-03-16,2024
MAT-29298,Background Material,CID-0508,1145.51,,2026-02-04,2025
MAT-29299,Background Material,CID-0509,1838.44,legacy mapping,2024-07-25,2024
MAT-29300,Background Material,CID-0510,3208.24,,2024-09-19,2024
MAT-29301,Background Material,CID-0511,3051.99,,2025-06-24,2024
MAT-29302,Background Material,CID-0512,3140.77,,2025-10-22,2025
MAT-29303,Background Material,CID-0513,4299.95,,2024-03-25,2024
MAT-29304,Background Material,CID-0514,2948.28,confirmed 2025 review,2025-07-11,2024
MAT-29305,Background Material,CID-0515,1239.68,,2024-09-20,2026
MAT-29306,Background Material,CID-0516,3606.18,legacy mapping,2026-01-28,2026
MAT-29307,Background Material,CID-0517,4379.26,,2026-10-17,2024
MAT-29308,Background Material,CID-0518,3739.47,legacy mapping,2026-01-26,2024
MAT-29309,Background Material,CID-0519,2474.94,,2024-08-21,2026
MAT-29310,Background Material,CID-0520,355.99,,2025-06-05,2025
MAT-29311,Background Material,CID-0521,4304.21,confirmed 2025 review,2025-09-22,2024
MAT-29312,Background Material,CID-0522,3813.87,,2024-10-03,2024
MAT-29313,Background Material,CID-0523,1311.66,,2024-07-17,2025
MAT-29314,Background Material,CID-0524,3143.22,confirmed 2025 review,2025-12-13,2024
MAT-29315,Background Material,CID-0525,3203.05,,2025-02-10,2024
MAT-29316,Background Material,CID-0526,2557.01,,2024-09-11,2025
MAT-29317,Background Material,CID-0527,2932.6,,2025-12-14,2026
MAT-29318,Background Material,CID-0528,4767.19,,2024-04-03,2025
MAT-29319,Background Material,CID-0529,580.82,,2025-11-24,2026
MAT-29320,Background Material,CID-0530,3703.55,,2024-12-05,2026
MAT-29321,Background Material,CID-0531,57.74,confirmed 2025 review,2025-09-17,2026
MAT-29322,Background Material,CID-0532,1296.98,legacy mapping,2024-12-25,2025
MAT-29323,Background Material,CID-0533,3664.95,,2024-06-26,2025
MAT-29324,Background Material,CID-0534,1360.63,,2025-12-19,2026
MAT-29325,Background Material,CID-0535,386.27,confirmed 2025 review,2026-06-02,2025
MAT-29326,Background Material,CID-0536,4296.94,,2025-03-09,2024
MAT-29327,Background Material,CID-0537,4471.45,,2024-12-17,2024
MAT-29328,Background Material,CID-0538,221.15,,2024-01-16,2025
MAT-29329,Background Material,CID-0539,1915.51,,2024-01-18,2026
MAT-29330,Background Material,CID-0540,3703.59,confirmed 2025 review,2024-06-08,2025
MAT-29331,Background Material,CID-0541,4579.36,legacy mapping,2025-02-19,2025
MAT-29332,Background Material,CID-0542,597.89,,2024-04-26,2026
MAT-29333,Background Material,CID-0543,4907.09,confirmed 2025 review,2024-08-28,2025
MAT-29334,Background Material,CID-0544,3867.86,legacy mapping,2025-02-18,2025
MAT-29335,Background Material,CID-0545,40.84,,2025-10-26,2025
MAT-29336,Background Material,CID-0546,3698.14,,2025-06-19,2025
MAT-29337,Background Material,CID-0547,4988.94,,2026-09-25,2024
MAT-29338,Background Material,CID-0548,753.68,confirmed 2025 review,2024-04-18,2025
MAT-29339,Background Material,CID-0549,3180.07,,2025-01-25,2026
MAT-29340,Background Material,CID-0550,1882.0,legacy mapping,2024-04-17,2024
MAT-29341,Background Material,CID-0551,2099.66,,2024-12-09,2024
MAT-29342,Background Material,CID-0552,220.46,,2026-07-23,2025
MAT-29343,Background Material,CID-0553,2292.83,,2026-02-17,2024
MAT-29344,Background Material,CID-0554,3186.44,confirmed 2025 review,2024-10-19,2024
MAT-29345,Background Material,CID-0500,2175.48,,2024-05-09,2025
MAT-29346,Background Material,CID-0501,4630.28,confirmed 2025 review,2026-12-11,2025
MAT-29347,Background Material,CID-0502,2264.34,,2024-04-05,2026
MAT-29348,Background Material,CID-0503,545.76,,2024-08-15,2025
MAT-29349,Background Material,CID-0504,2033.16,legacy mapping,2024-08-10,2025
MAT-29350,Background Material,CID-0505,1325.77,,2024-03-26,2026
MAT-29351,Background Material,CID-0506,1521.77,,2024-06-05,2024
MAT-29352,Background Material,CID-0507,3556.08,legacy mapping,2025-09-02,2026
MAT-29353,Background Material,CID-0508,1494.9,,2024-07-28,2025
MAT-29354,Background Material,CID-0509,2780.21,,2024-08-04,2024
MAT-29355,Background Material,CID-0510,608.14,,2024-03-07,2025
MAT-29356,Background Material,CID-0511,1861.83,,2026-10-09,2024
MAT-29357,Background Material,CID-0512,109.98,,2024-11-15,2024
MAT-29358,Background Material,CID-0513,460.8,legacy mapping,2024-01-15,2024
MAT-29359,Background Material,CID-0514,840.78,confirmed 2025 review,2026-07-16,2024
MAT-29360,Background Material,CID-0515,1914.26,confirmed 2025 review,2024-06-07,2024
MAT-29361,Background Material,CID-0516,1375.63,confirmed 2025 review,2024-01-20,2026
MAT-29362,Background Material,CID-0517,3085.27,legacy mapping,2025-07-18,2025
MAT-29363,Background Material,CID-0518,305.83,legacy mapping,2025-03-14,2024
MAT-29364,Background Material,CID-0519,3213.62,,2026-09-26,2024
MAT-29365,Background Material,CID-0520,4947.03,legacy mapping,2025-09-26,2025
MAT-29366,Background Material,CID-0521,1720.83,legacy mapping,2025-05-06,2024
MAT-29367,Background Material,CID-0522,1595.07,,2024-05-02,2025
MAT-29368,Background Material,CID-0523,2647.63,,2024-02-08,2026
MAT-29369,Background Material,CID-0524,1206.52,,2024-10-28,2025
MAT-29370,Background Material,CID-0525,1774.67,,2024-04-19,2025
MAT-29371,Background Material,CID-0526,4031.24,legacy mapping,2026-01-23,2026
MAT-29372,Background Material,CID-0527,1759.06,,2026-04-27,2025
MAT-29373,Background Material,CID-0528,2711.08,,2025-01-03,2024
MAT-29374,Background Material,CID-0529,1163.88,,2024-09-16,2024
MAT-29375,Background Material,CID-0530,1659.34,,2024-06-23,2024
MAT-29376,Background Material,CID-0531,4593.99,legacy mapping,2024-01-05,2026
MAT-29377,Background Material,CID-0532,3523.78,,2024-09-28,2025
MAT-29378,Background Material,CID-0533,4802.83,legacy mapping,2026-11-13,2026
MAT-29379,Background Material,CID-0534,506.06,legacy mapping,2025-03-06,2026
MAT-29380,Background Material,CID-0535,4743.52,confirmed 2025 review,2026-06-06,2026
MAT-29381,Background Material,CID-0536,4843.75,legacy mapping,2024-11-19,2024
MAT-29382,Background Material,CID-0537,1892.54,legacy mapping,2024-03-24,2024
MAT-29383,Background Material,CID-0538,4743.99,confirmed 2025 review,2026-01-06,2026
MAT-29384,Background Material,CID-0539,1591.77,,2026-10-04,2025
MAT-29385,Background Material,CID-0540,704.08,,2024-06-11,2024
MAT-29386,Background Material,CID-0541,3181.3,,2026-11-21,2026
MAT-29387,Background Material,CID-0542,4433.38,confirmed 2025 review,2024-05-07,2024
MAT-29388,Background Material,CID-0543,3466.19,legacy mapping,2025-02-24,2024
MAT-29389,Background Material,CID-0544,241.69,confirmed 2025 review,2026-07-06,2025
MAT-29390,Background Material,CID-0545,2465.92,confirmed 2025 review,2025-09-13,2024
MAT-29391,Background Material,CID-0546,4144.21,,2024-08-03,2024
MAT-29392,Background Material,CID-0547,1475.25,legacy mapping,2025-02-03,2025
MAT-29393,Background Material,CID-0548,851.36,confirmed 2025 review,2024-12-03,2026
MAT-29394,Background Material,CID-0549,4709.23,,2025-10-20,2025
MAT-29395,Background Material,CID-0550,3522.82,confirmed 2025 review,2026-03-20,2025
MAT-29396,Background Material,CID-0551,786.36,,2025-04-07,2025
MAT-29397,Background Material,CID-0552,3486.29,legacy mapping,2026-05-10,2024
MAT-29398,Background Material,CID-0553,480.48,confirmed 2025 review,2026-09-27,2025
MAT-29399,Background Material,CID-0554,768.8,legacy mapping,2024-07-03,2025
MAT-29400,Background Material,CID-0500,4119.66,confirmed 2025 review,2024-02-01,2024
MAT-29401,Background Material,CID-0501,854.99,legacy mapping,2024-08-28,2024
MAT-29402,Background Material,CID-0502,1542.46,confirmed 2025 review,2025-08-22,2025
MAT-29403,Background Material,CID-0503,456.59,confirmed 2025 review,2024-06-13,2025
MAT-29404,Background Material,CID-0504,933.73,,2025-08-15,2025
MAT-29405,Background Material,CID-0505,1131.99,legacy mapping,2026-01-05,2026
MAT-29406,Background Material,CID-0506,3337.67,,2026-06-26,2026
MAT-29407,Background Material,CID-0507,2070.52,,2026-01-27,2025
MAT-29408,Background Material,CID-0508,4092.21,confirmed 2025 review,2026-11-28,2025
MAT-29409,Background Material,CID-0509,2864.0,,2025-05-03,2025
MAT-29410,Background Material,CID-0510,4513.98,,2026-10-17,2026
MAT-29411,Background Material,CID-0511,3388.0,,2024-08-06,2024
MAT-29412,Background Material,CID-0512,4860.85,,2024-01-14,2024
MAT-29413,Background Material,CID-0513,4941.41,confirmed 2025 review,2024-11-05,2026
MAT-29414,Background Material,CID-0514,1290.17,,2024-07-18,2025
MAT-29415,Background Material,CID-0515,2760.72,legacy mapping,2026-08-28,2024
MAT-29416,Background Material,CID-0516,3932.97,confirmed 2025 review,2024-07-05,2024
MAT-29417,Background Material,CID-0517,2833.4,,2024-10-25,2024
MAT-29418,Background Material,CID-0518,3928.94,legacy mapping,2025-05-13,2026
MAT-29419,Background Material,CID-0519,2428.44,confirmed 2025 review,2024-03-09,2025
MAT-29420,Background Material,CID-0520,720.12,confirmed 2025 review,2024-07-11,2026
MAT-29421,Background Material,CID-0521,1188.66,confirmed 2025 review,2025-06-01,2025
MAT-29422,Background Material,CID-0522,4087.11,legacy mapping,2025-05-27,2025
MAT-29423,Background Material,CID-0523,4291.32,,2024-03-10,2026
MAT-29424,Background Material,CID-0524,2216.11,legacy mapping,2025-12-14,2026
MAT-29425,Background Material,CID-0525,3228.13,,2025-04-27,2025
MAT-29426,Background Material,CID-0526,3704.98,legacy mapping,2024-09-26,2024
MAT-29427,Background Material,CID-0527,329.02,confirmed 2025 review,2024-09-19,2024
MAT-29428,Background Material,CID-0528,869.51,,2024-04-02,2025
MAT-29429,Background Material,CID-0529,253.75,legacy mapping,2026-04-09,2025
MAT-29430,Background Material,CID-0530,4117.71,confirmed 2025 review,2026-02-22,2024
MAT-29431,Background Material,CID-0531,1210.45,confirmed 2025 review,2026-08-06,2025
MAT-29432,Background Material,CID-0532,2934.81,legacy mapping,2025-03-27,2025
MAT-29433,Background Material,CID-0533,3745.06,,2025-01-13,2024
MAT-29434,Background Material,CID-0534,815.37,,2024-11-08,2026
MAT-29435,Background Material,CID-0535,1034.45,confirmed 2025 review,2026-01-28,2026
MAT-29436,Background Material,CID-0536,45.48,,2026-03-20,2024
MAT-29437,Background Material,CID-0537,1119.63,legacy mapping,2026-12-21,2025
MAT-29438,Background Material,CID-0538,2119.61,confirmed 2025 review,2025-08-09,2024
MAT-29439,Background Material,CID-0539,2334.02,confirmed 2025 review,2026-02-01,2026
MAT-29440,Background Material,CID-0540,4997.15,legacy mapping,2026-11-20,2026
MAT-29441,Background Material,CID-0541,1414.1,,2025-02-11,2025
MAT-29442,Background Material,CID-0542,3203.33,legacy mapping,2025-11-23,2026
MAT-29443,Background Material,CID-0543,1494.66,,2026-04-02,2026
MAT-29444,Background Material,CID-0544,2021.09,legacy mapping,2026-03-24,2024
MAT-29445,Background Material,CID-0545,3277.35,legacy mapping,2025-07-13,2025
MAT-29446,Background Material,CID-0546,3683.92,,2025-12-23,2024
MAT-29447,Background Material,CID-0547,3431.9,confirmed 2025 review,2026-06-17,2025
MAT-29448,Background Material,CID-0548,4227.25,,2025-02-16,2024
MAT-29449,Background Material,CID-0549,3704.85,,2026-06-21,2024
MAT-29450,Background Material,CID-0550,1112.05,,2026-05-14,2025
MAT-29451,Background Material,CID-0551,1859.04,legacy mapping,2025-02-16,2024
MAT-29452,Background Material,CID-0552,4332.1,,2025-04-17,2024
MAT-29453,Background Material,CID-0553,4337.62,confirmed 2025 review,2026-05-14,2024
MAT-29454,Background Material,CID-0554,4354.37,,2024-04-11,2025
MAT-29455,Background Material,CID-0500,4935.97,confirmed 2025 review,2024-06-28,2026
MAT-29456,Background Material,CID-0501,902.6,,2025-06-21,2024
MAT-29457,Background Material,CID-0502,1567.76,,2024-08-09,2024
MAT-29458,Background Material,CID-0503,3806.21,,2026-03-16,2024
MAT-29459,Background Material,CID-0504,647.9,confirmed 2025 review,2026-07-13,2025
MAT-29460,Background Material,CID-0505,4826.67,confirmed 2025 review,2024-01-18,2024
MAT-29461,Background Material,CID-0506,3653.56,,2025-09-07,2024
MAT-29462,Background Material,CID-0507,3384.06,,2024-12-12,2025
MAT-29463,Background Material,CID-0508,645.53,confirmed 2025 review,2026-10-10,2024
MAT-29464,Background Material,CID-0509,327.37,,2025-05-15,2026
MAT-29465,Background Material,CID-0510,2601.92,legacy mapping,2025-11-05,2025
MAT-29466,Background Material,CID-0511,4980.7,confirmed 2025 review,2025-04-06,2025
MAT-29467,Background Material,CID-0512,96.6,,2026-03-07,2026
MAT-29468,Background Material,CID-0513,110.54,,2024-06-23,2026
MAT-29469,Background Material,CID-0514,3960.84,confirmed 2025 review,2026-05-25,2026
MAT-29470,Background Material,CID-0515,3116.05,,2026-02-21,2024
MAT-29471,Background Material,CID-0516,242.13,,2025-08-13,2024
MAT-29472,Background Material,CID-0517,2736.86,confirmed 2025 review,2026-03-07,2026
MAT-29473,Background Material,CID-0518,3429.01,,2025-07-22,2024
MAT-29474,Background Material,CID-0519,3312.75,legacy mapping,2026-10-23,2024
MAT-29475,Background Material,CID-0520,2094.71,,2026-12-20,2024
MAT-29476,Background Material,CID-0521,1414.25,,2025-04-20,2024
MAT-29477,Background Material,CID-0522,3890.02,,2025-12-14,2025
MAT-29478,Background Material,CID-0523,802.71,confirmed 2025 review,2024-12-16,2025
MAT-29479,Background Material,CID-0524,1173.29,,2026-02-04,2026
MAT-29480,Background Material,CID-0525,3345.44,,2024-09-03,2026
MAT-29481,Background Material,CID-0526,3618.16,legacy mapping,2026-04-15,2025
MAT-29482,Background Material,CID-0527,1321.36,,2024-03-28,2024
MAT-29483,Background Material,CID-0528,4261.39,legacy mapping,2026-06-14,2026
MAT-29484,Background Material,CID-0529,580.39,,2024-03-22,2026
MAT-29485,Background Material,CID-0530,853.39,legacy mapping,2025-10-09,2026
MAT-29486,Background Material,CID-0531,465.66,legacy mapping,2024-02-13,2025
MAT-29487,Background Material,CID-0532,4811.59,legacy mapping,2025-12-28,2025
MAT-29488,Background Material,CID-0533,3999.7,,2024-03-23,2026
MAT-29489,Background Material,CID-0534,294.17,,2024-07-19,2025
MAT-29490,Background Material,CID-0535,4011.52,confirmed 2025 review,2024-10-13,2025
MAT-29491,Background Material,CID-0536,3057.18,,2025-08-04,2025
MAT-29492,Background Material,CID-0537,2204.0,,2025-11-11,2024
MAT-29493,Background Material,CID-0538,3523.14,,2026-06-17,2026
MAT-29494,Background Material,CID-0539,3441.52,,2025-11-24,2024
MAT-29495,Background Material,CID-0540,2410.17,confirmed 2025 review,2024-09-20,2024
MAT-29496,Background Material,CID-0541,59.21,,2026-08-28,2025
MAT-29497,Background Material,CID-0542,4347.21,,2025-06-08,2025
MAT-29498,Background Material,CID-0543,4850.76,,2026-04-18,2026
MAT-29499,Background Material,CID-0544,1893.81,,2024-08-15,2026
MAT-29500,Background Material,CID-0545,2241.04,confirmed 2025 review,2025-06-04,2025
MAT-29501,Background Material,CID-0546,3726.45,,2024-07-14,2024
MAT-29502,Background Material,CID-0547,2786.1,,2024-10-20,2026
MAT-29503,Background Material,CID-0548,1523.69,,2026-11-15,2025
MAT-29504,Background Material,CID-0549,1817.35,,2024-08-11,2026
MAT-29505,Background Material,CID-0550,3837.31,confirmed 2025 review,2026-11-12,2026
MAT-29506,Background Material,CID-0551,2263.21,,2026-04-01,2025
MAT-29507,Background Material,CID-0552,1776.34,legacy mapping,2026-09-12,2026
MAT-29508,Background Material,CID-0553,532.5,,2025-03-27,2026
MAT-29509,Background Material,CID-0554,3712.81,confirmed 2025 review,2024-05-20,2024
MAT-29510,Background Material,CID-0500,938.53,confirmed 2025 review,2024-08-27,2024
MAT-29511,Background Material,CID-0501,3584.22,,2025-01-21,2026
MAT-29512,Background Material,CID-0502,2944.47,confirmed 2025 review,2025-11-19,2026
MAT-29513,Background Material,CID-0503,674.05,confirmed 2025 review,2024-09-24,2024
MAT-29514,Background Material,CID-0504,2766.58,confirmed 2025 review,2026-08-17,2024
MAT-29515,Background Material,CID-0505,3459.4,,2026-03-04,2025
MAT-29516,Background Material,CID-0506,3287.95,legacy mapping,2026-07-14,2026
MAT-29517,Background Material,CID-0507,4579.64,,2025-07-11,2025
MAT-29518,Background Material,CID-0508,2264.78,,2024-07-20,2026
MAT-29519,Background Material,CID-0509,4432.3,legacy mapping,2026-09-28,2025
MAT-29520,Background Material,CID-0510,3559.66,,2024-04-20,2026
MAT-29521,Background Material,CID-0511,1453.61,legacy mapping,2026-03-23,2026
MAT-29522,Background Material,CID-0512,4875.92,,2026-09-23,2026
MAT-29523,Background Material,CID-0513,1612.58,,2025-09-16,2026
MAT-29524,Background Material,CID-0514,2853.62,confirmed 2025 review,2026-12-27,2026
MAT-29525,Background Material,CID-0515,1430.35,confirmed 2025 review,2024-09-04,2024
MAT-29526,Background Material,CID-0516,1904.97,,2026-01-07,2025
MAT-29527,Background Material,CID-0517,3751.17,,2025-11-09,2024
MAT-29528,Background Material,CID-0518,4197.07,legacy mapping,2024-09-02,2025
MAT-29529,Background Material,CID-0519,4070.32,,2026-11-24,2026
MAT-29530,Background Material,CID-0520,4324.34,confirmed 2025 review,2024-09-26,2026
MAT-29531,Background Material,CID-0521,1438.91,,2025-07-14,2026
MAT-29532,Background Material,CID-0522,1563.96,,2024-12-09,2024
MAT-29533,Background Material,CID-0523,3103.19,confirmed 2025 review,2024-11-23,2026
MAT-29534,Background Material,CID-0524,3238.51,,2026-04-10,2025
MAT-29535,Background Material,CID-0525,887.95,,2024-03-24,2026
MAT-29536,Background Material,CID-0526,597.65,,2025-05-18,2025
MAT-29537,Background Material,CID-0527,651.2,legacy mapping,2024-06-15,2026
MAT-29538,Background Material,CID-0528,4687.53,,2024-06-20,2024
MAT-29539,Background Material,CID-0529,3868.53,legacy mapping,2025-10-18,2025
MAT-29540,Background Material,CID-0530,365.33,legacy mapping,2026-04-06,2026
MAT-29541,Background Material,CID-0531,341.81,,2025-09-18,2025
MAT-29542,Background Material,CID-0532,460.64,,2024-11-11,2025
MAT-29543,Background Material,CID-0533,1804.63,,2026-09-16,2026
MAT-29544,Background Material,CID-0534,4118.62,,2024-11-12,2025
MAT-29545,Background Material,CID-0535,1202.5,,2024-11-11,2025
MAT-29546,Background Material,CID-0536,4579.75,,2025-05-18,2026
MAT-29547,Background Material,CID-0537,1414.86,legacy mapping,2026-09-15,2025
MAT-29548,Background Material,CID-0538,220.21,,2025-09-03,2024
MAT-29549,Background Material,CID-0539,837.81,,2026-02-07,2026
MAT-29550,Background Material,CID-0540,3147.94,,2026-07-27,2024
MAT-29551,Background Material,CID-0541,1028.69,confirmed 2025 review,2026-02-24,2026
MAT-29552,Background Material,CID-0542,769.62,confirmed 2025 review,2026-06-02,2024
MAT-29553,Background Material,CID-0543,367.17,,2025-09-03,2026
MAT-29554,Background Material,CID-0544,4108.27,legacy mapping,2025-07-15,2026
MAT-29555,Background Material,CID-0545,2022.84,legacy mapping,2024-07-22,2024
MAT-29556,Background Material,CID-0546,2674.64,,2026-10-02,2026
MAT-29557,Background Material,CID-0547,4241.41,legacy mapping,2026-02-10,2026
MAT-29558,Background Material,CID-0548,1507.45,,2025-08-13,2025
MAT-29559,Background Material,CID-0549,4110.79,,2025-03-18,2024
MAT-29560,Background Material,CID-0550,682.77,confirmed 2025 review,2026-05-21,2024
MAT-29561,Background Material,CID-0551,1490.98,legacy mapping,2024-09-28,2026
MAT-29562,Background Material,CID-0552,707.73,,2024-10-20,2025
MAT-29563,Background Material,CID-0553,2686.22,,2025-04-24,2026
MAT-29564,Background Material,CID-0554,4517.83,legacy mapping,2024-07-21,2026
MAT-29565,Background Material,CID-0500,713.13,,2024-10-27,2025
MAT-29566,Background Material,CID-0501,972.44,,2026-10-28,2024
MAT-29567,Background Material,CID-0502,4257.09,confirmed 2025 review,2026-09-03,2025
MAT-29568,Background Material,CID-0503,3358.75,legacy mapping,2024-04-24,2026
MAT-29569,Background Material,CID-0504,2436.46,legacy mapping,2025-03-22,2026
MAT-29570,Background Material,CID-0505,1173.43,legacy mapping,2026-02-07,2025
MAT-29571,Background Material,CID-0506,2429.82,legacy mapping,2026-11-10,2026
MAT-29572,Background Material,CID-0507,2921.27,legacy mapping,2025-07-06,2024
MAT-29573,Background Material,CID-0508,1566.76,,2026-12-21,2025
MAT-29574,Background Material,CID-0509,1384.12,legacy mapping,2024-11-24,2025
MAT-29575,Background Material,CID-0510,4389.55,confirmed 2025 review,2025-06-25,2025
MAT-29576,Background Material,CID-0511,2435.37,,2024-11-20,2024
MAT-29577,Background Material,CID-0512,4209.12,,2026-04-09,2026
MAT-29578,Background Material,CID-0513,4431.79,,2026-02-01,2026
MAT-29579,Background Material,CID-0514,3158.5,confirmed 2025 review,2026-04-02,2026
MAT-29580,Background Material,CID-0515,1303.82,confirmed 2025 review,2026-03-12,2025
MAT-29581,Background Material,CID-0516,1117.31,legacy mapping,2024-08-17,2026
MAT-29582,Background Material,CID-0517,453.68,legacy mapping,2026-01-22,2024
MAT-29583,Background Material,CID-0518,4240.06,,2026-03-15,2024
MAT-29584,Background Material,CID-0519,896.55,,2026-12-16,2025
MAT-29585,Background Material,CID-0520,203.06,confirmed 2025 review,2024-02-09,2025
MAT-29586,Background Material,CID-0521,1170.86,,2026-06-13,2025
MAT-29587,Background Material,CID-0522,4589.59,,2024-11-11,2024
MAT-29588,Background Material,CID-0523,3518.98,legacy mapping,2026-05-19,2026
MAT-29589,Background Material,CID-0524,2851.23,confirmed 2025 review,2026-07-12,2026
MAT-29590,Background Material,CID-0525,3267.03,,2026-05-13,2024
MAT-29591,Background Material,CID-0526,2582.34,legacy mapping,2025-08-26,2025
MAT-29592,Background Material,CID-0527,4435.97,,2026-03-15,2024
MAT-29593,Background Material,CID-0528,1150.72,legacy mapping,2024-03-06,2024
MAT-29594,Background Material,CID-0529,1811.75,,2026-04-14,2025
MAT-29595,Background Material,CID-0530,3601.56,confirmed 2025 review,2026-08-16,2024
MAT-29596,Background Material,CID-0531,2954.36,confirmed 2025 review,2024-04-02,2024
MAT-29597,Background Material,CID-0532,2867.86,,2024-11-17,2024
MAT-29598,Background Material,CID-0533,4454.1,,2024-03-09,2024
MAT-29599,Background Material,CID-0534,2583.69,confirmed 2025 review,2026-10-21,2024
MAT-29600,Background Material,CID-0535,4392.67,legacy mapping,2024-04-15,2026
MAT-29601,Background Material,CID-0536,4963.89,confirmed 2025 review,2024-04-27,2025
MAT-29602,Background Material,CID-0537,3004.59,,2026-11-17,2025
MAT-29603,Background Material,CID-0538,839.44,legacy mapping,2025-10-19,2024
MAT-29604,Background Material,CID-0539,1149.84,confirmed 2025 review,2024-02-01,2024
MAT-29605,Background Material,CID-0540,2614.03,confirmed 2025 review,2024-10-04,2024
MAT-29606,Background Material,CID-0541,2379.87,,2026-09-25,2024
MAT-29607,Background Material,CID-0542,466.86,,2026-09-27,2024
MAT-29608,Background Material,CID-0543,4484.95,confirmed 2025 review,2026-07-12,2024
MAT-29609,Background Material,CID-0544,3488.52,confirmed 2025 review,2024-08-26,2025
MAT-29610,Background Material,CID-0545,1753.24,,2025-03-09,2025
MAT-29611,Background Material,CID-0546,3829.53,,2025-10-18,2025
MAT-29612,Background Material,CID-0547,1289.77,,2026-12-26,2024
MAT-29613,Background Material,CID-0548,2890.36,,2026-01-13,2026
MAT-29614,Background Material,CID-0549,1027.89,legacy mapping,2025-06-04,2024
MAT-29615,Background Material,CID-0550,2130.93,legacy mapping,2025-09-14,2026
MAT-29616,Background Material,CID-0551,1828.85,legacy mapping,2026-07-25,2024
MAT-29617,Background Material,CID-0552,2066.73,confirmed 2025 review,2024-06-18,2026
MAT-29618,Background Material,CID-0553,2419.32,legacy mapping,2026-06-25,2026
MAT-29619,Background Material,CID-0554,1991.25,,2026-02-24,2024
MAT-29620,Background Material,CID-0500,2233.53,,2024-04-17,2025
MAT-29621,Background Material,CID-0501,3930.62,,2024-07-21,2024
MAT-29622,Background Material,CID-0502,4022.04,,2025-10-14,2024
MAT-29623,Background Material,CID-0503,321.34,,2025-02-20,2024
MAT-29624,Background Material,CID-0504,3622.75,confirmed 2025 review,2026-11-17,2025
MAT-29625,Background Material,CID-0505,3558.32,,2024-11-16,2025
MAT-29626,Background Material,CID-0506,54.54,legacy mapping,2024-01-26,2026
MAT-29627,Background Material,CID-0507,2553.23,,2026-03-22,2024
MAT-29628,Background Material,CID-0508,1799.34,,2024-02-09,2025
MAT-29629,Background Material,CID-0509,1766.29,confirmed 2025 review,2025-10-07,2026
MAT-29630,Background Material,CID-0510,77.82,,2024-09-10,2026
MAT-29631,Background Material,CID-0511,4148.99,legacy mapping,2025-05-08,2026
MAT-29632,Background Material,CID-0512,4815.32,confirmed 2025 review,2025-10-01,2025
MAT-29633,Background Material,CID-0513,876.0,,2026-02-17,2025
MAT-29634,Background Material,CID-0514,1700.49,,2026-05-18,2026
MAT-29635,Background Material,CID-0515,1251.46,confirmed 2025 review,2025-10-16,2024
MAT-29636,Background Material,CID-0516,3787.61,confirmed 2025 review,2026-08-19,2024
MAT-29637,Background Material,CID-0517,2410.37,legacy mapping,2024-07-21,2024
MAT-29638,Background Material,CID-0518,3384.89,,2025-07-12,2026
MAT-29639,Background Material,CID-0519,2678.72,legacy mapping,2024-05-03,2025
MAT-29640,Background Material,CID-0520,3368.82,legacy mapping,2024-09-06,2025
MAT-29641,Background Material,CID-0521,1570.05,,2026-05-06,2026
MAT-29642,Background Material,CID-0522,3415.85,,2025-12-07,2024
MAT-29643,Background Material,CID-0523,3677.41,legacy mapping,2024-04-07,2024
MAT-29644,Background Material,CID-0524,4181.84,legacy mapping,2024-02-04,2024
MAT-29645,Background Material,CID-0525,3379.38,confirmed 2025 review,2026-01-25,2026
MAT-29646,Background Material,CID-0526,4790.01,confirmed 2025 review,2025-10-11,2025
MAT-29647,Background Material,CID-0527,4490.71,legacy mapping,2025-03-25,2026
MAT-29648,Background Material,CID-0528,1402.05,,2026-03-02,2026
MAT-29649,Background Material,CID-0529,3996.55,confirmed 2025 review,2026-01-17,2025
MAT-29650,Background Material,CID-0530,1969.19,,2025-02-23,2026
MAT-29651,Background Material,CID-0531,2300.89,,2024-11-07,2025
MAT-29652,Background Material,CID-0532,2905.46,legacy mapping,2025-10-28,2025
MAT-29653,Background Material,CID-0533,936.58,legacy mapping,2024-05-16,2026
MAT-29654,Background Material,CID-0534,1716.14,,2025-07-07,2025
MAT-29655,Background Material,CID-0535,3503.86,legacy mapping,2025-07-09,2025
MAT-29656,Background Material,CID-0536,900.27,,2026-11-08,2024
MAT-29657,Background Material,CID-0537,3604.36,,2026-07-28,2025
MAT-29658,Background Material,CID-0538,981.12,,2025-01-06,2025
MAT-29659,Background Material,CID-0539,2498.49,legacy mapping,2025-05-09,2026
MAT-29660,Background Material,CID-0540,4292.65,,2025-02-23,2024
MAT-29661,Background Material,CID-0541,301.12,legacy mapping,2025-11-04,2025
MAT-29662,Background Material,CID-0542,3723.22,legacy mapping,2025-06-18,2026
MAT-29663,Background Material,CID-0543,4659.29,legacy mapping,2025-01-14,2024
MAT-29664,Background Material,CID-0544,1756.1,,2026-10-21,2026
MAT-29665,Background Material,CID-0545,2692.65,legacy mapping,2025-06-22,2026
MAT-29666,Background Material,CID-0546,2437.98,confirmed 2025 review,2024-07-20,2025
MAT-29667,Background Material,CID-0547,2319.3,,2024-11-26,2025
MAT-29668,Background Material,CID-0548,2109.66,confirmed 2025 review,2024-02-06,2025
MAT-29669,Background Material,CID-0549,1141.86,legacy mapping,2026-05-23,2025
MAT-29670,Background Material,CID-0550,3027.32,confirmed 2025 review,2025-08-25,2025
MAT-29671,Background Material,CID-0551,3739.73,confirmed 2025 review,2025-03-06,2024
MAT-29672,Background Material,CID-0552,626.07,,2026-05-24,2026
MAT-29673,Background Material,CID-0553,3748.95,,2024-07-04,2024
MAT-29674,Background Material,CID-0554,319.9,confirmed 2025 review,2026-01-01,2025
MAT-29675,Background Material,CID-0500,2620.39,,2024-05-20,2024
MAT-29676,Background Material,CID-0501,422.47,confirmed 2025 review,2025-04-08,2026
MAT-29677,Background Material,CID-0502,1421.59,,2024-09-27,2024
MAT-29678,Background Material,CID-0503,143.83,legacy mapping,2025-08-15,2026
MAT-29679,Background Material,CID-0504,4674.35,confirmed 2025 review,2024-12-18,2024
MAT-29680,Background Material,CID-0505,2954.56,confirmed 2025 review,2026-12-21,2026
MAT-29681,Background Material,CID-0506,2175.45,legacy mapping,2025-08-18,2024
MAT-29682,Background Material,CID-0507,4023.73,confirmed 2025 review,2025-06-14,2025
MAT-29683,Background Material,CID-0508,779.43,,2024-09-27,2024
MAT-29684,Background Material,CID-0509,1720.08,confirmed 2025 review,2026-01-23,2025
MAT-29685,Background Material,CID-0510,4734.84,confirmed 2025 review,2025-01-25,2025
MAT-29686,Background Material,CID-0511,3990.03,,2024-09-12,2024
MAT-29687,Background Material,CID-0512,2059.27,confirmed 2025 review,2025-04-06,2026
MAT-29688,Background Material,CID-0513,3685.85,confirmed 2025 review,2025-04-09,2024
MAT-29689,Background Material,CID-0514,2111.77,,2026-10-26,2026
MAT-29690,Background Material,CID-0515,3423.52,legacy mapping,2026-12-18,2025
MAT-29691,Background Material,CID-0516,2065.11,,2024-03-10,2024
MAT-29692,Background Material,CID-0517,3184.83,confirmed 2025 review,2025-12-20,2025
MAT-29693,Background Material,CID-0518,939.76,,2024-01-18,2024
MAT-29694,Background Material,CID-0519,930.5,,2025-05-05,2026
MAT-29695,Background Material,CID-0520,2192.64,,2024-02-05,2024
MAT-29696,Background Material,CID-0521,2468.4,legacy mapping,2025-05-26,2025
MAT-29697,Background Material,CID-0522,4989.82,confirmed 2025 review,2026-01-11,2024
MAT-29698,Background Material,CID-0523,4217.89,,2024-05-25,2025
MAT-29699,Background Material,CID-0524,357.85,confirmed 2025 review,2024-04-27,2025
MAT-29700,Background Material,CID-0525,4086.44,,2024-12-08,2025
MAT-29701,Background Material,CID-0526,3856.36,confirmed 2025 review,2024-12-02,2024
MAT-29702,Background Material,CID-0527,2304.71,,2026-11-07,2025
MAT-29703,Background Material,CID-0528,1946.23,legacy mapping,2025-03-21,2026
MAT-29704,Background Material,CID-0529,211.89,,2025-08-21,2025
MAT-29705,Background Material,CID-0530,994.42,,2026-04-04,2024
MAT-29706,Background Material,CID-0531,3164.91,legacy mapping,2024-03-26,2025
MAT-29707,Background Material,CID-0532,2923.9,confirmed 2025 review,2024-01-02,2026
MAT-29708,Background Material,CID-0533,3917.59,confirmed 2025 review,2026-10-05,2025
MAT-29709,Background Material,CID-0534,3854.21,,2024-08-03,2026
MAT-29710,Background Material,CID-0535,3093.61,,2024-06-21,2024
MAT-29711,Background Material,CID-0536,3506.94,,2024-08-08,2025
MAT-29712,Background Material,CID-0537,4908.4,legacy mapping,2025-12-07,2024
MAT-29713,Background Material,CID-0538,3446.56,legacy mapping,2026-03-09,2024
MAT-29714,Background Material,CID-0539,2427.03,confirmed 2025 review,2026-05-18,2026
MAT-29715,Background Material,CID-0540,2450.97,,2026-06-11,2026
MAT-29716,Background Material,CID-0541,2342.51,,2024-09-05,2025
MAT-29717,Background Material,CID-0542,1479.07,legacy mapping,2026-06-15,2024
MAT-29718,Background Material,CID-0543,3879.81,confirmed 2025 review,2026-03-01,2026
MAT-29719,Background Material,CID-0544,4284.29,,2025-12-03,2026
MAT-29720,Background Material,CID-0545,4835.85,confirmed 2025 review,2024-09-22,2025
MAT-29721,Background Material,CID-0546,3828.9,,2026-05-11,2025
MAT-29722,Background Material,CID-0547,3204.88,,2024-09-22,2024
MAT-29723,Background Material,CID-0548,219.84,,2024-01-07,2024
MAT-29724,Background Material,CID-0549,2427.37,,2024-10-21,2025
MAT-29725,Background Material,CID-0550,3289.95,legacy mapping,2024-06-08,2026
MAT-29726,Background Material,CID-0551,3589.51,,2024-11-16,2024
MAT-29727,Background Material,CID-0552,2340.83,,2025-09-24,2025
MAT-29728,Background Material,CID-0553,4110.31,,2026-05-17,2024
MAT-29729,Background Material,CID-0554,3671.77,legacy mapping,2024-04-17,2024
MAT-29730,Background Material,CID-0500,507.02,,2026-07-07,2024
MAT-29731,Background Material,CID-0501,2631.43,,2026-11-06,2026
MAT-29732,Background Material,CID-0502,3746.22,confirmed 2025 review,2026-02-25,2026
MAT-29733,Background Material,CID-0503,2883.24,confirmed 2025 review,2026-11-14,2024
MAT-29734,Background Material,CID-0504,834.88,,2026-07-17,2025
MAT-29735,Background Material,CID-0505,3288.0,confirmed 2025 review,2025-06-18,2025
MAT-29736,Background Material,CID-0506,4224.43,confirmed 2025 review,2026-07-27,2026
MAT-29737,Background Material,CID-0507,1617.93,,2026-09-07,2025
MAT-29738,Background Material,CID-0508,3828.78,legacy mapping,2025-08-15,2025
MAT-29739,Background Material,CID-0509,1.98,,2025-10-01,2026
MAT-29740,Background Material,CID-0510,676.29,legacy mapping,2024-05-08,2024
MAT-29741,Background Material,CID-0511,4278.75,,2026-05-18,2026
MAT-29742,Background Material,CID-0512,2782.06,,2024-01-15,2025
MAT-29743,Background Material,CID-0513,781.38,legacy mapping,2025-10-08,2024
MAT-29744,Background Material,CID-0514,1281.96,legacy mapping,2024-10-13,2026
MAT-29745,Background Material,CID-0515,4589.49,,2026-06-26,2025
MAT-29746,Background Material,CID-0516,865.34,,2026-11-10,2024
MAT-29747,Background Material,CID-0517,3654.22,confirmed 2025 review,2024-01-25,2025
MAT-29748,Background Material,CID-0518,1740.3,confirmed 2025 review,2025-02-28,2024
MAT-29749,Background Material,CID-0519,3738.65,,2026-11-13,2024
MAT-29750,Background Material,CID-0520,1524.61,,2025-09-19,2024
MAT-29751,Background Material,CID-0521,1634.83,,2024-01-22,2026
MAT-29752,Background Material,CID-0522,4986.84,confirmed 2025 review,2026-10-17,2024
MAT-29753,Background Material,CID-0523,1111.21,legacy mapping,2025-03-05,2025
MAT-29754,Background Material,CID-0524,413.64,,2026-07-09,2024
MAT-29755,Background Material,CID-0525,1993.24,confirmed 2025 review,2026-03-25,2024
MAT-29756,Background Material,CID-0526,2405.13,,2025-07-21,2026
MAT-29757,Background Material,CID-0527,981.3,,2024-02-09,2025
MAT-29758,Background Material,CID-0528,1617.73,,2024-11-14,2025
MAT-29759,Background Material,CID-0529,1826.97,,2025-06-20,2026
MAT-29760,Background Material,CID-0530,122.01,legacy mapping,2024-06-20,2025
MAT-29761,Background Material,CID-0531,3116.29,confirmed 2025 review,2024-04-07,2026
MAT-29762,Background Material,CID-0532,1869.73,,2024-12-02,2024
MAT-29763,Background Material,CID-0533,4744.76,,2025-01-11,2026
MAT-29764,Background Material,CID-0534,4021.6,legacy mapping,2025-08-01,2025
MAT-29765,Background Material,CID-0535,1045.84,,2024-09-17,2025
MAT-29766,Background Material,CID-0536,2744.45,,2026-12-22,2024
MAT-29767,Background Material,CID-0537,1883.66,,2025-03-02,2025
MAT-29768,Background Material,CID-0538,1004.28,legacy mapping,2024-08-21,2024
MAT-29769,Background Material,CID-0539,333.92,legacy mapping,2026-11-12,2024
MAT-29770,Background Material,CID-0540,96.37,confirmed 2025 review,2024-07-17,2026
MAT-29771,Background Material,CID-0541,498.92,legacy mapping,2025-10-18,2024
MAT-29772,Background Material,CID-0542,932.9,confirmed 2025 review,2026-12-01,2024
MAT-29773,Background Material,CID-0543,1237.71,legacy mapping,2025-08-13,2026
MAT-29774,Background Material,CID-0544,785.87,legacy mapping,2026-06-12,2026
MAT-29775,Background Material,CID-0545,1512.33,legacy mapping,2024-11-09,2025
MAT-29776,Background Material,CID-0546,4452.12,,2026-05-08,2024
MAT-29777,Background Material,CID-0547,1709.59,confirmed 2025 review,2026-03-03,2026
MAT-29778,Background Material,CID-0548,1911.65,,2025-04-19,2024
MAT-29779,Background Material,CID-0549,2132.9,legacy mapping,2026-06-15,2026
MAT-29780,Background Material,CID-0550,659.73,,2026-09-22,2024
MAT-29781,Background Material,CID-0551,4313.08,legacy mapping,2026-12-17,2024
MAT-29782,Background Material,CID-0552,2150.89,,2026-10-06,2025
MAT-29783,Background Material,CID-0553,340.0,,2024-06-27,2024
MAT-29784,Background Material,CID-0554,3635.67,legacy mapping,2025-07-10,2025
MAT-29785,Background Material,CID-0500,3728.3,legacy mapping,2024-04-04,2024
MAT-29786,Background Material,CID-0501,924.55,legacy mapping,2026-10-20,2024
MAT-29787,Background Material,CID-0502,2982.21,,2026-01-12,2024
MAT-29788,Background Material,CID-0503,3441.02,confirmed 2025 review,2024-09-28,2026
MAT-29789,Background Material,CID-0504,2344.35,legacy mapping,2024-07-16,2025
MAT-29790,Background Material,CID-0505,688.43,,2024-01-14,2024
MAT-29791,Background Material,CID-0506,4627.25,confirmed 2025 review,2024-12-22,2024
MAT-29792,Background Material,CID-0507,3789.13,,2024-08-28,2026
MAT-29793,Background Material,CID-0508,2450.22,legacy mapping,2025-04-14,2025
MAT-29794,Background Material,CID-0509,3881.3,confirmed 2025 review,2026-06-13,2026
MAT-29795,Background Material,CID-0510,4695.76,,2026-02-15,2025
MAT-29796,Background Material,CID-0511,4135.22,,2024-09-18,2025
MAT-29797,Background Material,CID-0512,4919.17,,2026-07-17,2026
MAT-29798,Background Material,CID-0513,4813.0,,2025-08-13,2025
MAT-29799,Background Material,CID-0514,3868.61,legacy mapping,2025-03-14,2025
MAT-29800,Background Material,CID-0515,3066.06,,2026-09-05,2025
MAT-29801,Background Material,CID-0516,4149.64,confirmed 2025 review,2024-12-17,2024
MAT-29802,Background Material,CID-0517,899.68,,2025-07-11,2025
MAT-29803,Background Material,CID-0518,125.54,confirmed 2025 review,2026-12-07,2025
MAT-29804,Background Material,CID-0519,451.81,legacy mapping,2026-11-23,2024
MAT-29805,Background Material,CID-0520,3592.16,,2024-02-23,2025
MAT-29806,Background Material,CID-0521,3170.73,,2026-12-13,2026
MAT-29807,Background Material,CID-0522,3955.54,,2025-09-13,2024
MAT-29808,Background Material,CID-0523,3841.53,legacy mapping,2026-11-28,2024
MAT-29809,Background Material,CID-0524,811.46,,2024-12-02,2025
MAT-29810,Background Material,CID-0525,1541.0,confirmed 2025 review,2025-11-06,2024
MAT-29811,Background Material,CID-0526,4492.81,,2024-10-25,2025
MAT-29812,Background Material,CID-0527,62.03,confirmed 2025 review,2025-09-26,2024
MAT-29813,Background Material,CID-0528,3040.31,confirmed 2025 review,2024-04-19,2026
MAT-29814,Background Material,CID-0529,2379.08,confirmed 2025 review,2025-02-20,2026
MAT-29815,Background Material,CID-0530,33.86,legacy mapping,2026-11-18,2024
MAT-29816,Background Material,CID-0531,245.55,,2024-11-12,2024
MAT-29817,Background Material,CID-0532,727.73,,2026-10-27,2026
MAT-29818,Background Material,CID-0533,1492.91,,2024-02-14,2024
MAT-29819,Background Material,CID-0534,807.51,legacy mapping,2026-11-23,2026
MAT-29820,Background Material,CID-0535,2975.25,,2025-12-19,2025
MAT-29821,Background Material,CID-0536,4657.47,,2025-06-12,2025
MAT-29822,Background Material,CID-0537,4101.5,confirmed 2025 review,2026-02-10,2025
MAT-29823,Background Material,CID-0538,673.59,legacy mapping,2025-09-14,2026
MAT-29824,Background Material,CID-0539,1050.02,,2026-01-04,2026
MAT-29825,Background Material,CID-0540,3648.91,,2025-12-23,2026
MAT-29826,Background Material,CID-0541,4669.52,legacy mapping,2025-10-28,2025
MAT-29827,Background Material,CID-0542,1299.04,legacy mapping,2024-10-19,2025
MAT-29828,Background Material,CID-0543,2599.01,confirmed 2025 review,2025-03-20,2024
MAT-29829,Background Material,CID-0544,3543.23,,2024-02-01,2025
MAT-29830,Background Material,CID-0545,3127.68,,2026-04-26,2026
MAT-29831,Background Material,CID-0546,4994.94,confirmed 2025 review,2024-06-12,2026
MAT-29832,Background Material,CID-0547,4030.41,,2024-11-07,2026
MAT-29833,Background Material,CID-0548,1408.85,,2025-05-17,2026
MAT-29834,Background Material,CID-0549,1620.3,,2024-11-11,2025
MAT-29835,Background Material,CID-0550,1980.85,,2024-04-11,2025
MAT-29836,Background Material,CID-0551,4611.48,confirmed 2025 review,2025-01-21,2024
MAT-29837,Background Material,CID-0552,2408.0,confirmed 2025 review,2026-06-15,2025
MAT-29838,Background Material,CID-0553,4639.02,,2026-05-19,2026
MAT-29839,Background Material,CID-0554,3391.31,,2024-10-22,2025
MAT-29840,Background Material,CID-0500,3997.88,legacy mapping,2024-03-09,2024
MAT-29841,Background Material,CID-0501,1696.42,confirmed 2025 review,2026-09-27,2024
MAT-29842,Background Material,CID-0502,2855.34,confirmed 2025 review,2024-10-04,2025
MAT-29843,Background Material,CID-0503,3526.63,legacy mapping,2026-01-09,2025
MAT-29844,Background Material,CID-0504,434.9,,2025-08-27,2025
MAT-29845,Background Material,CID-0505,1081.48,legacy mapping,2024-02-12,2024
MAT-29846,Background Material,CID-0506,3889.17,,2025-09-01,2025
MAT-29847,Background Material,CID-0507,4524.87,,2024-06-16,2026
MAT-29848,Background Material,CID-0508,4369.52,legacy mapping,2025-03-25,2024
MAT-29849,Background Material,CID-0509,4110.87,,2024-12-02,2025
MAT-29850,Background Material,CID-0510,1938.55,,2024-05-02,2026
MAT-29851,Background Material,CID-0511,4240.77,,2025-08-02,2024
MAT-29852,Background Material,CID-0512,2603.37,legacy mapping,2024-10-25,2025
MAT-29853,Background Material,CID-0513,3194.62,,2025-04-07,2025
MAT-29854,Background Material,CID-0514,1383.97,legacy mapping,2025-11-04,2025
MAT-29855,Background Material,CID-0515,747.45,legacy mapping,2024-01-20,2026
MAT-29856,Background Material,CID-0516,2570.79,,2026-06-18,2025
MAT-29857,Background Material,CID-0517,1355.99,legacy mapping,2026-04-06,2024
MAT-29858,Background Material,CID-0518,1557.58,legacy mapping,2026-08-02,2024
MAT-29859,Background Material,CID-0519,145.93,,2024-07-02,2024
MAT-29860,Background Material,CID-0520,2132.9,,2026-10-19,2026
MAT-29861,Background Material,CID-0521,4181.04,confirmed 2025 review,2026-06-10,2025
MAT-29862,Background Material,CID-0522,4087.39,,2025-10-05,2024
MAT-29863,Background Material,CID-0523,4064.44,confirmed 2025 review,2024-08-10,2026
MAT-29864,Background Material,CID-0524,3222.45,confirmed 2025 review,2025-04-08,2024
MAT-29865,Background Material,CID-0525,4305.62,legacy mapping,2025-07-06,2026
MAT-29866,Background Material,CID-0526,4586.4,legacy mapping,2025-08-16,2024
MAT-29867,Background Material,CID-0527,327.76,,2025-08-15,2024
MAT-29868,Background Material,CID-0528,1412.0,legacy mapping,2026-10-05,2026
MAT-29869,Background Material,CID-0529,515.56,,2025-09-21,2024
MAT-29870,Background Material,CID-0530,3962.36,confirmed 2025 review,2025-10-14,2024
MAT-29871,Background Material,CID-0531,3104.75,,2025-07-03,2025
MAT-29872,Background Material,CID-0532,1041.98,confirmed 2025 review,2025-10-26,2025
MAT-29873,Background Material,CID-0533,2723.09,,2024-11-22,2024
MAT-29874,Background Material,CID-0534,3697.1,confirmed 2025 review,2024-10-20,2025
MAT-29875,Background Material,CID-0535,1627.57,,2025-03-10,2025
MAT-29876,Background Material,CID-0536,348.97,,2026-10-25,2025
MAT-29877,Background Material,CID-0537,1637.71,,2024-04-27,2024
MAT-29878,Background Material,CID-0538,4436.42,,2024-11-05,2025
MAT-29879,Background Material,CID-0539,2656.75,confirmed 2025 review,2026-10-15,2024
MAT-29880,Background Material,CID-0540,1029.1,legacy mapping,2025-10-26,2026
MAT-29881,Background Material,CID-0541,1523.45,confirmed 2025 review,2026-06-03,2026
MAT-29882,Background Material,CID-0542,41.59,confirmed 2025 review,2024-05-02,2025
MAT-29883,Background Material,CID-0543,4505.48,,2024-12-18,2025
MAT-29884,Background Material,CID-0544,549.38,legacy mapping,2024-04-14,2026
MAT-29885,Background Material,CID-0545,2951.23,legacy mapping,2026-07-13,2025
MAT-29886,Background Material,CID-0546,2176.52,,2026-03-16,2024
MAT-29887,Background Material,CID-0547,941.95,confirmed 2025 review,2025-07-05,2025
MAT-29888,Background Material,CID-0548,4987.28,,2024-01-03,2026
MAT-29889,Background Material,CID-0549,79.52,confirmed 2025 review,2026-07-05,2024
MAT-29890,Background Material,CID-0550,686.96,confirmed 2025 review,2025-12-20,2025
MAT-29891,Background Material,CID-0551,3116.62,confirmed 2025 review,2026-07-18,2025
MAT-29892,Background Material,CID-0552,1924.19,,2024-07-20,2024
MAT-29893,Background Material,CID-0553,2890.11,,2026-09-09,2025
MAT-29894,Background Material,CID-0554,4632.9,legacy mapping,2024-01-19,2025
MAT-29895,Background Material,CID-0500,3524.71,,2026-08-23,2024
MAT-29896,Background Material,CID-0501,711.3,legacy mapping,2025-09-03,2026
MAT-29897,Background Material,CID-0502,4449.69,,2024-08-21,2026
MAT-29898,Background Material,CID-0503,3319.02,,2026-11-18,2026
MAT-29899,Background Material,CID-0504,1563.19,,2025-09-25,2024
MAT-29900,Background Material,CID-0505,2344.88,confirmed 2025 review,2026-12-11,2025
MAT-29901,Background Material,CID-0506,1765.22,legacy mapping,2025-03-02,2026
MAT-29902,Background Material,CID-0507,4614.4,legacy mapping,2026-10-09,2024
MAT-29903,Background Material,CID-0508,3146.87,,2026-01-22,2025
MAT-29904,Background Material,CID-0509,4044.67,,2025-08-03,2024
MAT-29905,Background Material,CID-0510,2528.47,legacy mapping,2025-03-20,2025
MAT-29906,Background Material,CID-0511,1376.81,legacy mapping,2024-12-04,2026
MAT-29907,Background Material,CID-0512,873.89,,2026-08-12,2024
MAT-29908,Background Material,CID-0513,1307.0,,2025-03-26,2026
MAT-29909,Background Material,CID-0514,4310.21,legacy mapping,2024-03-20,2024
MAT-29910,Background Material,CID-0515,4188.23,confirmed 2025 review,2025-04-22,2025
MAT-29911,Background Material,CID-0516,3630.27,,2024-10-24,2025
MAT-29912,Background Material,CID-0517,272.57,legacy mapping,2024-01-06,2025
MAT-29913,Background Material,CID-0518,1994.33,legacy mapping,2025-12-25,2026
MAT-29914,Background Material,CID-0519,1169.07,confirmed 2025 review,2025-05-05,2026
MAT-29915,Background Material,CID-0520,4351.52,,2025-08-13,2026
MAT-29916,Background Material,CID-0521,1579.13,,2024-09-21,2025
MAT-29917,Background Material,CID-0522,4780.96,confirmed 2025 review,2026-11-28,2025
MAT-29918,Background Material,CID-0523,1675.5,legacy mapping,2024-05-21,2026
MAT-29919,Background Material,CID-0524,1956.38,,2026-11-19,2024
MAT-29920,Background Material,CID-0525,2600.24,,2025-09-01,2026
MAT-29921,Background Material,CID-0526,43.37,,2024-07-04,2026
MAT-29922,Background Material,CID-0527,520.43,confirmed 2025 review,2025-04-24,2025
MAT-29923,Background Material,CID-0528,1260.23,,2024-10-03,2024
MAT-29924,Background Material,CID-0529,4692.59,,2026-11-04,2026
MAT-29925,Background Material,CID-0530,4789.02,,2026-03-13,2026
MAT-29926,Background Material,CID-0531,3819.52,,2024-12-06,2025
MAT-29927,Background Material,CID-0532,1473.55,,2026-08-09,2025
MAT-29928,Background Material,CID-0533,3461.42,legacy mapping,2025-03-25,2024
MAT-29929,Background Material,CID-0534,1387.16,,2025-07-11,2024
MAT-29930,Background Material,CID-0535,1291.93,legacy mapping,2024-08-03,2025
MAT-29931,Background Material,CID-0536,4897.13,,2026-07-06,2026
MAT-29932,Background Material,CID-0537,2460.79,,2026-07-07,2026
MAT-29933,Background Material,CID-0538,3217.05,confirmed 2025 review,2026-05-04,2024
MAT-29934,Background Material,CID-0539,365.52,legacy mapping,2025-01-16,2024
MAT-29935,Background Material,CID-0540,3264.67,,2024-11-13,2025
MAT-29936,Background Material,CID-0541,758.89,legacy mapping,2025-10-01,2026
MAT-29937,Background Material,CID-0542,3538.32,confirmed 2025 review,2025-07-13,2026
MAT-29938,Background Material,CID-0543,3904.9,,2026-04-01,2025
MAT-29939,Background Material,CID-0544,4770.82,confirmed 2025 review,2024-10-18,2025
MAT-29940,Background Material,CID-0545,1667.87,legacy mapping,2025-01-21,2026
MAT-29941,Background Material,CID-0546,454.24,legacy mapping,2024-08-25,2025
MAT-29942,Background Material,CID-0547,3239.32,,2026-01-13,2026
MAT-29943,Background Material,CID-0548,955.82,confirmed 2025 review,2024-11-23,2025
MAT-29944,Background Material,CID-0549,2433.03,confirmed 2025 review,2026-04-05,2024
MAT-29945,Background Material,CID-0550,966.27,,2025-07-03,2026
MAT-29946,Background Material,CID-0551,3217.39,confirmed 2025 review,2026-08-01,2024
MAT-29947,Background Material,CID-0552,1697.09,legacy mapping,2026-01-13,2024
MAT-29948,Background Material,CID-0553,1059.18,confirmed 2025 review,2026-09-05,2026
MAT-29949,Background Material,CID-0554,2897.15,,2024-12-05,2025
MAT-29950,Background Material,CID-0500,3269.5,confirmed 2025 review,2026-01-08,2026
MAT-29951,Background Material,CID-0501,3244.28,,2024-11-02,2025
MAT-29952,Background Material,CID-0502,4103.88,,2025-10-06,2026
MAT-29953,Background Material,CID-0503,320.72,,2024-08-20,2026
MAT-29954,Background Material,CID-0504,1103.64,,2025-06-26,2026
MAT-29955,Background Material,CID-0505,3392.31,legacy mapping,2024-11-19,2026
MAT-29956,Background Material,CID-0506,687.51,,2024-10-06,2025
MAT-29957,Background Material,CID-0507,317.05,legacy mapping,2024-07-06,2026
MAT-29958,Background Material,CID-0508,1850.27,,2025-04-19,2024
MAT-29959,Background Material,CID-0509,667.72,confirmed 2025 review,2024-01-16,2024
MAT-29960,Background Material,CID-0510,32.74,,2024-12-21,2026
MAT-29961,Background Material,CID-0511,4434.69,confirmed 2025 review,2026-08-23,2024
MAT-29962,Background Material,CID-0512,1031.59,legacy mapping,2026-08-14,2024
MAT-29963,Background Material,CID-0513,4690.51,,2026-03-23,2025
MAT-29964,Background Material,CID-0514,3060.64,,2026-05-12,2025
MAT-29965,Background Material,CID-0515,23.85,,2024-02-17,2024
MAT-29966,Background Material,CID-0516,3094.99,,2025-11-22,2024
MAT-29967,Background Material,CID-0517,1382.86,,2024-03-22,2025
MAT-29968,Background Material,CID-0518,2488.08,,2026-01-02,2026
MAT-29969,Background Material,CID-0519,1821.6,,2025-05-11,2026
MAT-29970,Background Material,CID-0520,4025.96,confirmed 2025 review,2024-02-24,2024
MAT-29971,Background Material,CID-0521,4624.38,,2024-01-16,2026
MAT-29972,Background Material,CID-0522,581.21,,2026-08-19,2026
MAT-29973,Background Material,CID-0523,1630.54,,2026-11-11,2024
MAT-29974,Background Material,CID-0524,3895.1,legacy mapping,2024-02-08,2026
MAT-29975,Background Material,CID-0525,2063.56,,2025-04-03,2025
MAT-29976,Background Material,CID-0526,2925.88,,2025-03-07,2026
MAT-29977,Background Material,CID-0527,2275.5,confirmed 2025 review,2025-03-15,2026
MAT-29978,Background Material,CID-0528,971.58,legacy mapping,2025-04-11,2024
MAT-29979,Background Material,CID-0529,161.44,,2025-03-04,2025
MAT-29980,Background Material,CID-0530,2293.44,,2025-04-10,2026
MAT-29981,Background Material,CID-0531,784.78,,2026-09-28,2024
MAT-29982,Background Material,CID-0532,433.29,confirmed 2025 review,2024-10-16,2025
MAT-29983,Background Material,CID-0533,1396.58,confirmed 2025 review,2026-04-08,2025
MAT-29984,Background Material,CID-0534,2171.81,,2026-03-19,2024
MAT-29985,Background Material,CID-0535,2089.44,,2024-08-24,2026
MAT-29986,Background Material,CID-0536,169.07,confirmed 2025 review,2025-12-27,2024
MAT-29987,Background Material,CID-0537,2262.75,,2024-09-25,2024
MAT-29988,Background Material,CID-0538,3466.11,confirmed 2025 review,2024-03-12,2025
MAT-29989,Background Material,CID-0539,1196.07,,2024-08-22,2025
MAT-29990,Background Material,CID-0540,809.85,confirmed 2025 review,2026-12-19,2024
MAT-29991,Background Material,CID-0541,4882.13,confirmed 2025 review,2024-12-13,2024
MAT-29992,Background Material,CID-0542,3949.5,legacy mapping,2026-08-23,2026
MAT-29993,Background Material,CID-0543,7.82,,2025-12-11,2026
MAT-29994,Background Material,CID-0544,164.54,confirmed 2025 review,2025-12-20,2026
MAT-29995,Background Material,CID-0545,2876.57,,2026-02-20,2025
MAT-29996,Background Material,CID-0546,3679.07,,2026-11-12,2024
MAT-29997,Background Material,CID-0547,555.72,legacy mapping,2025-10-02,2025
MAT-29998,Background Material,CID-0548,1832.8,,2026-12-25,2024
MAT-29999,Background Material,CID-0549,692.89,legacy mapping,2024-09-04,2026
MAT-30000,Background Material,CID-0550,2392.99,,2026-04-11,2025
MAT-30001,Background Material,CID-0551,4489.77,confirmed 2025 review,2025-01-03,2025
MAT-30002,Background Material,CID-0552,1726.79,confirmed 2025 review,2026-09-27,2024
MAT-30003,Background Material,CID-0553,2351.35,legacy mapping,2025-10-12,2026
MAT-30004,Background Material,CID-0554,4726.88,,2024-08-03,2024
MAT-30005,Background Material,CID-0500,1954.02,,2025-02-04,2024
MAT-30006,Background Material,CID-0501,1380.44,,2025-03-28,2024
MAT-30007,Background Material,CID-0502,2603.92,,2025-07-22,2026
MAT-30008,Background Material,CID-0503,4658.68,confirmed 2025 review,2025-07-15,2026
MAT-30009,Background Material,CID-0504,3223.78,legacy mapping,2024-02-01,2024
MAT-30010,Background Material,CID-0505,4174.9,legacy mapping,2025-10-11,2026
MAT-30011,Background Material,CID-0506,3230.61,legacy mapping,2025-10-22,2026
MAT-30012,Background Material,CID-0507,2651.3,confirmed 2025 review,2025-05-19,2024
MAT-30013,Background Material,CID-0508,4491.51,legacy mapping,2024-05-08,2025
MAT-30014,Background Material,CID-0509,1860.14,legacy mapping,2024-03-12,2025
MAT-30015,Background Material,CID-0510,2280.18,,2026-03-23,2026
MAT-30016,Background Material,CID-0511,1426.95,,2026-12-22,2024
MAT-30017,Background Material,CID-0512,807.11,,2024-06-19,2024
MAT-30018,Background Material,CID-0513,2205.0,legacy mapping,2024-04-18,2026
MAT-30019,Background Material,CID-0514,174.41,legacy mapping,2025-03-12,2025
MAT-30020,Background Material,CID-0515,2699.79,,2026-05-04,2024
MAT-30021,Background Material,CID-0516,2023.41,confirmed 2025 review,2024-08-11,2024
MAT-30022,Background Material,CID-0517,22.47,legacy mapping,2026-12-10,2025
MAT-30023,Background Material,CID-0518,4479.99,,2026-12-15,2025
MAT-30024,Background Material,CID-0519,3446.05,confirmed 2025 review,2024-03-22,2026
MAT-30025,Background Material,CID-0520,585.26,,2025-10-27,2024
MAT-30026,Background Material,CID-0521,2230.42,,2025-01-20,2026
MAT-30027,Background Material,CID-0522,976.55,,2025-04-01,2024
MAT-30028,Background Material,CID-0523,2692.52,confirmed 2025 review,2026-11-03,2026
MAT-30029,Background Material,CID-0524,1972.72,confirmed 2025 review,2025-10-20,2026
MAT-30030,Background Material,CID-0525,4717.07,legacy mapping,2025-03-23,2025
MAT-30031,Background Material,CID-0526,1848.78,legacy mapping,2024-05-12,2025
MAT-30032,Background Material,CID-0527,1541.12,confirmed 2025 review,2026-02-07,2026
MAT-30033,Background Material,CID-0528,4439.14,confirmed 2025 review,2025-05-06,2026
MAT-30034,Background Material,CID-0529,4851.83,confirmed 2025 review,2026-07-05,2026
MAT-30035,Background Material,CID-0530,2990.08,,2024-05-16,2026
MAT-30036,Background Material,CID-0531,4933.21,,2026-07-03,2024
MAT-30037,Background Material,CID-0532,2047.89,legacy mapping,2025-03-18,2025
MAT-30038,Background Material,CID-0533,3551.52,,2024-03-27,2025
MAT-30039,Background Material,CID-0534,1448.03,confirmed 2025 review,2024-05-27,2026
MAT-30040,Background Material,CID-0535,1520.27,confirmed 2025 review,2024-01-26,2024
MAT-30041,Background Material,CID-0536,770.97,legacy mapping,2026-11-16,2024
MAT-30042,Background Material,CID-0537,3269.41,legacy mapping,2025-03-16,2026
MAT-30043,Background Material,CID-0538,3224.28,,2024-05-16,2024
MAT-30044,Background Material,CID-0539,2994.86,legacy mapping,2026-08-19,2025
MAT-30045,Background Material,CID-0540,4341.86,confirmed 2025 review,2026-02-12,2026
MAT-30046,Background Material,CID-0541,3665.05,,2025-03-19,2024
MAT-30047,Background Material,CID-0542,731.54,confirmed 2025 review,2026-03-12,2024
MAT-30048,Background Material,CID-0543,265.39,legacy mapping,2025-11-12,2024
MAT-30049,Background Material,CID-0544,1449.99,,2026-04-25,2026
MAT-30050,Background Material,CID-0545,917.05,,2026-03-18,2025
MAT-30051,Background Material,CID-0546,4362.34,legacy mapping,2025-11-23,2026
MAT-30052,Background Material,CID-0547,1813.25,legacy mapping,2024-01-05,2026
MAT-30053,Background Material,CID-0548,1407.81,confirmed 2025 review,2025-06-06,2024
MAT-30054,Background Material,CID-0549,1090.16,,2024-09-20,2026
MAT-30055,Background Material,CID-0550,4157.25,,2025-08-03,2024
MAT-30056,Background Material,CID-0551,4094.4,,2025-06-10,2026
MAT-30057,Background Material,CID-0552,1813.48,confirmed 2025 review,2026-09-25,2025
MAT-30058,Background Material,CID-0553,861.86,legacy mapping,2024-12-27,2024
MAT-30059,Background Material,CID-0554,1112.57,,2026-04-10,2024
MAT-30060,Background Material,CID-0500,1050.0,,2025-12-25,2024
MAT-30061,Background Material,CID-0501,389.6,confirmed 2025 review,2025-01-07,2024
MAT-30062,Background Material,CID-0502,164.93,,2025-02-09,2024
MAT-30063,Background Material,CID-0503,332.17,,2024-02-20,2024
MAT-30064,Background Material,CID-0504,2938.43,,2024-11-12,2024
MAT-30065,Background Material,CID-0505,454.81,legacy mapping,2026-06-12,2024
MAT-30066,Background Material,CID-0506,4275.84,,2026-10-03,2024
MAT-30067,Background Material,CID-0507,4098.11,,2026-04-23,2024
MAT-30068,Background Material,CID-0508,4821.35,,2026-01-24,2024
MAT-30069,Background Material,CID-0509,4621.24,confirmed 2025 review,2025-12-19,2024
MAT-30070,Background Material,CID-0510,2198.89,,2024-06-13,2025
MAT-30071,Background Material,CID-0511,1072.16,,2025-02-25,2025
MAT-30072,Background Material,CID-0512,618.95,,2026-03-16,2025
MAT-30073,Background Material,CID-0513,3523.95,,2024-06-16,2024
MAT-30074,Background Material,CID-0514,1924.52,confirmed 2025 review,2026-12-10,2026
MAT-30075,Background Material,CID-0515,4880.92,confirmed 2025 review,2024-09-14,2025
MAT-30076,Background Material,CID-0516,4924.83,confirmed 2025 review,2024-02-27,2025
MAT-30077,Background Material,CID-0517,4695.47,legacy mapping,2024-01-22,2025
MAT-30078,Background Material,CID-0518,3360.81,confirmed 2025 review,2025-09-22,2026
MAT-30079,Background Material,CID-0519,425.94,,2025-07-23,2026
MAT-30080,Background Material,CID-0520,4887.88,,2024-06-07,2025
MAT-30081,Background Material,CID-0521,1002.12,confirmed 2025 review,2024-04-27,2025
MAT-30082,Background Material,CID-0522,3626.28,legacy mapping,2026-10-19,2025
MAT-30083,Background Material,CID-0523,3781.76,confirmed 2025 review,2025-08-22,2026
MAT-30084,Background Material,CID-0524,4750.74,confirmed 2025 review,2026-05-05,2025
MAT-30085,Background Material,CID-0525,541.08,legacy mapping,2025-08-08,2026
MAT-30086,Background Material,CID-0526,4712.07,,2024-12-02,2024
MAT-30087,Background Material,CID-0527,2491.18,,2024-07-20,2026
MAT-30088,Background Material,CID-0528,1635.45,legacy mapping,2026-10-04,2024
MAT-30089,Background Material,CID-0529,3305.74,confirmed 2025 review,2025-04-10,2026
MAT-30090,Background Material,CID-0530,2490.0,legacy mapping,2026-06-26,2026
MAT-30091,Background Material,CID-0531,2733.55,,2025-02-13,2025
MAT-30092,Background Material,CID-0532,1573.48,confirmed 2025 review,2025-08-02,2024
MAT-30093,Background Material,CID-0533,885.17,legacy mapping,2026-03-16,2025
MAT-30094,Background Material,CID-0534,673.31,confirmed 2025 review,2025-02-19,2026
MAT-30095,Background Material,CID-0535,2453.28,confirmed 2025 review,2025-09-28,2024
MAT-30096,Background Material,CID-0536,2533.92,confirmed 2025 review,2025-08-19,2025
MAT-30097,Background Material,CID-0537,3085.08,legacy mapping,2025-06-02,2024
MAT-30098,Background Material,CID-0538,2952.73,,2025-06-26,2026
MAT-30099,Background Material,CID-0539,2920.25,legacy mapping,2025-02-14,2025
MAT-30100,Background Material,CID-0540,4959.74,confirmed 2025 review,2025-01-22,2024
MAT-30101,Background Material,CID-0541,1238.82,legacy mapping,2026-02-23,2024
MAT-30102,Background Material,CID-0542,4344.83,,2025-03-01,2026
MAT-30103,Background Material,CID-0543,1631.26,confirmed 2025 review,2026-07-19,2026
MAT-30104,Background Material,CID-0544,4507.15,legacy mapping,2024-12-16,2026
MAT-30105,Background Material,CID-0545,112.16,legacy mapping,2025-10-13,2025
MAT-30106,Background Material,CID-0546,2863.12,confirmed 2025 review,2024-12-22,2024
MAT-30107,Background Material,CID-0547,1680.5,legacy mapping,2024-10-10,2025
MAT-30108,Background Material,CID-0548,4847.17,,2025-11-28,2024
MAT-30109,Background Material,CID-0549,4202.06,,2025-05-02,2025
MAT-30110,Background Material,CID-0550,4981.14,confirmed 2025 review,2024-10-24,2024
MAT-30111,Background Material,CID-0551,3588.82,,2026-06-09,2024
MAT-30112,Background Material,CID-0552,2832.58,confirmed 2025 review,2025-04-12,2024
MAT-30113,Background Material,CID-0553,3258.03,legacy mapping,2026-05-14,2026
MAT-30114,Background Material,CID-0554,2700.2,,2025-07-09,2026
MAT-30115,Background Material,CID-0500,2577.33,,2024-11-23,2026
MAT-30116,Background Material,CID-0501,4313.69,confirmed 2025 review,2024-11-27,2026
MAT-30117,Background Material,CID-0502,4690.58,legacy mapping,2026-09-26,2026
MAT-30118,Background Material,CID-0503,4264.02,confirmed 2025 review,2026-12-21,2024
MAT-30119,Background Material,CID-0504,2611.83,legacy mapping,2025-03-08,2024
MAT-30120,Background Material,CID-0505,3732.42,legacy mapping,2025-07-11,2024
MAT-30121,Background Material,CID-0506,3170.0,confirmed 2025 review,2025-05-21,2024
MAT-30122,Background Material,CID-0507,1282.98,,2025-04-04,2024
MAT-30123,Background Material,CID-0508,960.39,,2025-08-16,2026
MAT-30124,Background Material,CID-0509,4956.47,confirmed 2025 review,2026-01-07,2024
MAT-30125,Background Material,CID-0510,1364.29,,2025-05-22,2026
MAT-30126,Background Material,CID-0511,880.75,,2026-08-26,2024
MAT-30127,Background Material,CID-0512,277.58,,2025-10-10,2024
MAT-30128,Background Material,CID-0513,4502.97,confirmed 2025 review,2025-11-22,2024
MAT-30129,Background Material,CID-0514,1985.08,,2024-02-19,2026
MAT-30130,Background Material,CID-0515,2501.74,,2026-11-27,2026
MAT-30131,Background Material,CID-0516,4748.42,legacy mapping,2025-02-08,2026
MAT-30132,Background Material,CID-0517,612.26,legacy mapping,2025-10-24,2025
MAT-30133,Background Material,CID-0518,4029.4,,2025-04-05,2024
MAT-30134,Background Material,CID-0519,876.6,legacy mapping,2025-07-09,2026
MAT-30135,Background Material,CID-0520,280.57,legacy mapping,2026-02-11,2026
MAT-30136,Background Material,CID-0521,2119.48,,2025-03-12,2025
MAT-30137,Background Material,CID-0522,3578.64,legacy mapping,2024-11-20,2024
MAT-30138,Background Material,CID-0523,4207.52,,2026-11-08,2025
MAT-30139,Background Material,CID-0524,2764.09,legacy mapping,2026-12-12,2026
MAT-30140,Background Material,CID-0525,611.15,,2025-07-01,2025
MAT-30141,Background Material,CID-0526,4637.61,legacy mapping,2025-02-27,2024
MAT-30142,Background Material,CID-0527,1487.82,,2025-11-11,2026
MAT-30143,Background Material,CID-0528,2032.04,,2025-02-27,2025
MAT-30144,Background Material,CID-0529,2355.99,confirmed 2025 review,2025-12-14,2024
MAT-30145,Background Material,CID-0530,4122.18,legacy mapping,2026-02-12,2025
MAT-30146,Background Material,CID-0531,3010.98,legacy mapping,2025-12-01,2024
MAT-30147,Background Material,CID-0532,3207.22,,2026-08-26,2026
MAT-30148,Background Material,CID-0533,681.33,confirmed 2025 review,2024-11-10,2025
MAT-30149,Background Material,CID-0534,2879.47,,2024-04-17,2026
MAT-30150,Background Material,CID-0535,4848.35,,2026-11-14,2025
MAT-30151,Background Material,CID-0536,2258.0,,2025-03-22,2026
MAT-30152,Background Material,CID-0537,4134.02,legacy mapping,2024-02-14,2025
MAT-30153,Background Material,CID-0538,910.26,confirmed 2025 review,2026-04-01,2024
MAT-30154,Background Material,CID-0539,4615.64,,2024-08-07,2025
MAT-30155,Background Material,CID-0540,3506.6,,2024-07-20,2025
MAT-30156,Background Material,CID-0541,3002.36,,2024-06-06,2026
MAT-30157,Background Material,CID-0542,587.64,confirmed 2025 review,2025-11-16,2024
MAT-30158,Background Material,CID-0543,1123.2,,2024-05-10,2026
MAT-30159,Background Material,CID-0544,2471.35,,2025-04-20,2024
MAT-30160,Background Material,CID-0545,4976.04,legacy mapping,2026-11-07,2025
MAT-30161,Background Material,CID-0546,902.67,,2024-05-09,2024
MAT-30162,Background Material,CID-0547,3088.78,,2025-10-22,2026
MAT-30163,Background Material,CID-0548,2291.36,,2025-03-28,2025
MAT-30164,Background Material,CID-0549,4872.02,confirmed 2025 review,2026-04-23,2025
MAT-30165,Background Material,CID-0550,3542.56,legacy mapping,2024-02-18,2024
MAT-30166,Background Material,CID-0551,261.51,,2025-06-20,2026
MAT-30167,Background Material,CID-0552,4836.08,,2024-05-17,2026
MAT-30168,Background Material,CID-0553,1905.31,confirmed 2025 review,2026-06-05,2026
MAT-30169,Background Material,CID-0554,206.58,,2025-03-17,2025
MAT-30170,Background Material,CID-0500,4651.7,confirmed 2025 review,2024-02-11,2026
MAT-30171,Background Material,CID-0501,2652.59,,2025-02-11,2024
MAT-30172,Background Material,CID-0502,4892.6,confirmed 2025 review,2025-12-12,2025
MAT-30173,Background Material,CID-0503,1415.34,legacy mapping,2026-05-17,2025
MAT-30174,Background Material,CID-0504,2179.44,,2025-12-16,2024
MAT-30175,Background Material,CID-0505,2778.82,confirmed 2025 review,2024-04-05,2024
MAT-30176,Background Material,CID-0506,1150.07,,2025-05-06,2026
MAT-30177,Background Material,CID-0507,2336.2,,2025-01-15,2025
MAT-30178,Background Material,CID-0508,4944.1,confirmed 2025 review,2025-08-04,2026
MAT-30179,Background Material,CID-0509,4334.53,,2025-02-07,2025
MAT-30180,Background Material,CID-0510,904.09,,2026-09-27,2025
MAT-30181,Background Material,CID-0511,2816.67,,2026-01-17,2026
MAT-30182,Background Material,CID-0512,903.66,,2024-08-22,2024
MAT-30183,Background Material,CID-0513,4436.95,,2025-11-22,2024
MAT-30184,Background Material,CID-0514,1971.45,,2025-03-01,2024
MAT-30185,Background Material,CID-0515,2301.71,confirmed 2025 review,2025-11-09,2026
MAT-30186,Background Material,CID-0516,3290.37,legacy mapping,2024-11-20,2025
MAT-30187,Background Material,CID-0517,1625.25,,2024-01-26,2026
MAT-30188,Background Material,CID-0518,1415.49,,2026-02-18,2026
MAT-30189,Background Material,CID-0519,1907.57,confirmed 2025 review,2025-03-08,2025
MAT-30190,Background Material,CID-0520,446.85,,2024-07-25,2025
MAT-30191,Background Material,CID-0521,1425.39,,2024-05-16,2025
MAT-30192,Background Material,CID-0522,3679.71,legacy mapping,2026-10-05,2025
MAT-30193,Background Material,CID-0523,3327.94,legacy mapping,2026-04-16,2025
MAT-30194,Background Material,CID-0524,4427.18,confirmed 2025 review,2025-10-20,2025
MAT-30195,Background Material,CID-0525,452.02,confirmed 2025 review,2025-10-06,2025
MAT-30196,Background Material,CID-0526,3153.8,,2024-09-11,2025
MAT-30197,Background Material,CID-0527,3382.52,,2025-09-21,2026
MAT-30198,Background Material,CID-0528,2623.86,legacy mapping,2025-07-03,2025
MAT-30199,Background Material,CID-0529,1502.67,,2026-05-27,2024
MAT-30200,Background Material,CID-0530,2615.94,legacy mapping,2026-01-18,2024
MAT-30201,Background Material,CID-0531,4586.59,,2026-07-14,2024
MAT-30202,Background Material,CID-0532,2323.82,legacy mapping,2025-05-19,2024
MAT-30203,Background Material,CID-0533,3843.47,,2024-12-22,2025
MAT-30204,Background Material,CID-0534,898.58,,2025-01-03,2025
MAT-30205,Background Material,CID-0535,4383.9,legacy mapping,2025-10-24,2025
MAT-30206,Background Material,CID-0536,3787.01,confirmed 2025 review,2026-05-11,2024
MAT-30207,Background Material,CID-0537,1056.13,,2026-10-09,2026
MAT-30208,Background Material,CID-0538,532.55,,2024-07-04,2024
MAT-30209,Background Material,CID-0539,859.51,confirmed 2025 review,2025-12-13,2026
MAT-30210,Background Material,CID-0540,4829.05,confirmed 2025 review,2025-10-27,2026
MAT-30211,Background Material,CID-0541,1804.28,confirmed 2025 review,2025-02-05,2024
MAT-30212,Background Material,CID-0542,70.37,,2024-12-07,2024
MAT-30213,Background Material,CID-0543,1046.94,,2026-04-14,2026
MAT-30214,Background Material,CID-0544,4291.09,,2024-05-25,2025
MAT-30215,Background Material,CID-0545,741.68,confirmed 2025 review,2024-02-06,2024
MAT-30216,Background Material,CID-0546,3694.17,confirmed 2025 review,2025-08-01,2025
MAT-30217,Background Material,CID-0547,2926.55,,2025-10-27,2025
MAT-30218,Background Material,CID-0548,255.56,,2024-11-28,2026
MAT-30219,Background Material,CID-0549,2159.51,confirmed 2025 review,2025-12-19,2026
MAT-30220,Background Material,CID-0550,3655.66,legacy mapping,2024-08-13,2025
MAT-30221,Background Material,CID-0551,2567.27,confirmed 2025 review,2024-12-02,2026
MAT-30222,Background Material,CID-0552,96.08,legacy mapping,2026-02-09,2026
MAT-30223,Background Material,CID-0553,2086.27,confirmed 2025 review,2024-08-20,2026
MAT-30224,Background Material,CID-0554,1734.47,confirmed 2025 review,2024-03-10,2026
MAT-30225,Background Material,CID-0500,961.81,legacy mapping,2025-04-17,2024
MAT-30226,Background Material,CID-0501,2938.71,legacy mapping,2026-12-22,2025
MAT-30227,Background Material,CID-0502,656.66,legacy mapping,2026-12-13,2025
MAT-30228,Background Material,CID-0503,4165.57,legacy mapping,2025-03-20,2024
MAT-30229,Background Material,CID-0504,1413.0,,2026-08-05,2024
MAT-30230,Background Material,CID-0505,998.22,confirmed 2025 review,2024-07-16,2025
MAT-30231,Background Material,CID-0506,1174.36,,2024-06-09,2025
MAT-30232,Background Material,CID-0507,3384.96,,2026-01-26,2024
MAT-30233,Background Material,CID-0508,1689.34,,2026-04-04,2026
MAT-30234,Background Material,CID-0509,1121.25,legacy mapping,2025-06-25,2024
MAT-30235,Background Material,CID-0510,3850.7,legacy mapping,2024-12-28,2026
MAT-30236,Background Material,CID-0511,3021.84,,2026-01-15,2025
MAT-30237,Background Material,CID-0512,4813.27,,2024-10-20,2024
MAT-30238,Background Material,CID-0513,4118.23,,2026-02-06,2026
MAT-30239,Background Material,CID-0514,591.18,,2025-03-24,2025
MAT-30240,Background Material,CID-0515,3541.11,confirmed 2025 review,2026-02-05,2026
MAT-30241,Background Material,CID-0516,1819.32,,2024-04-15,2025
MAT-30242,Background Material,CID-0517,3846.33,,2024-08-11,2025
MAT-30243,Background Material,CID-0518,2525.61,,2025-06-23,2025
MAT-30244,Background Material,CID-0519,1803.86,,2024-09-14,2024
MAT-30245,Background Material,CID-0520,690.83,confirmed 2025 review,2025-07-15,2026
MAT-30246,Background Material,CID-0521,3973.24,legacy mapping,2024-08-05,2024
MAT-30247,Background Material,CID-0522,3588.41,,2024-06-11,2025
MAT-30248,Background Material,CID-0523,4909.74,,2025-01-13,2024
MAT-30249,Background Material,CID-0524,3301.22,,2026-01-21,2026
MAT-30250,Background Material,CID-0525,3995.55,legacy mapping,2025-07-22,2026
MAT-30251,Background Material,CID-0526,2768.5,legacy mapping,2026-12-11,2025
MAT-30252,Background Material,CID-0527,40.5,legacy mapping,2026-10-05,2026
MAT-30253,Background Material,CID-0528,2020.29,,2026-10-26,2026
MAT-30254,Background Material,CID-0529,3260.53,legacy mapping,2026-07-25,2024
MAT-30255,Background Material,CID-0530,4404.99,,2024-09-11,2025
MAT-30256,Background Material,CID-0531,3625.77,,2026-09-10,2024
MAT-30257,Background Material,CID-0532,465.01,legacy mapping,2026-06-25,2026
MAT-30258,Background Material,CID-0533,800.98,,2026-10-09,2024
MAT-30259,Background Material,CID-0534,4161.31,legacy mapping,2026-07-17,2024
MAT-30260,Background Material,CID-0535,3660.2,legacy mapping,2025-11-17,2025
MAT-30261,Background Material,CID-0536,619.94,,2025-05-19,2026
MAT-30262,Background Material,CID-0537,27.06,legacy mapping,2024-12-19,2026
MAT-30263,Background Material,CID-0538,3573.52,,2025-05-10,2026
MAT-30264,Background Material,CID-0539,3924.16,,2026-07-17,2026
MAT-30265,Background Material,CID-0540,1238.92,legacy mapping,2026-10-07,2025
MAT-30266,Background Material,CID-0541,2272.09,,2026-07-27,2025
MAT-30267,Background Material,CID-0542,410.65,,2025-03-16,2024
MAT-30268,Background Material,CID-0543,2231.37,legacy mapping,2026-09-13,2026
MAT-30269,Background Material,CID-0544,2795.28,confirmed 2025 review,2025-10-16,2026
MAT-30270,Background Material,CID-0545,2117.69,confirmed 2025 review,2026-08-24,2025
MAT-30271,Background Material,CID-0546,4119.24,,2026-03-16,2026
MAT-30272,Background Material,CID-0547,2289.11,,2026-04-15,2025
MAT-30273,Background Material,CID-0548,164.0,,2026-06-04,2026
MAT-30274,Background Material,CID-0549,4261.74,,2024-06-19,2025
MAT-30275,Background Material,CID-0550,202.37,,2024-06-10,2025
MAT-30276,Background Material,CID-0551,1517.0,confirmed 2025 review,2024-03-05,2026
MAT-30277,Background Material,CID-0552,2109.36,legacy mapping,2025-04-06,2026
MAT-30278,Background Material,CID-0553,2444.48,,2026-06-03,2024
MAT-30279,Background Material,CID-0554,2088.46,legacy mapping,2026-08-11,2025
MAT-30280,Background Material,CID-0500,2376.66,,2024-09-21,2025
MAT-30281,Background Material,CID-0501,3808.63,confirmed 2025 review,2024-12-11,2024
MAT-30282,Background Material,CID-0502,3999.26,confirmed 2025 review,2025-04-13,2025
MAT-30283,Background Material,CID-0503,2705.43,confirmed 2025 review,2026-05-21,2024
MAT-30284,Background Material,CID-0504,4329.9,,2026-11-26,2026
MAT-30285,Background Material,CID-0505,1544.93,,2026-09-03,2024
MAT-30286,Background Material,CID-0506,4775.89,,2026-09-07,2025
MAT-30287,Background Material,CID-0507,2513.69,,2024-11-18,2024
MAT-30288,Background Material,CID-0508,4811.92,legacy mapping,2024-04-27,2026
MAT-30289,Background Material,CID-0509,4194.75,confirmed 2025 review,2024-09-20,2025
MAT-30290,Background Material,CID-0510,2009.59,,2025-01-11,2025
MAT-30291,Background Material,CID-0511,903.36,,2026-06-13,2025
MAT-30292,Background Material,CID-0512,456.03,,2026-03-10,2024
MAT-30293,Background Material,CID-0513,914.16,,2024-05-14,2026
MAT-30294,Background Material,CID-0514,846.79,legacy mapping,2024-01-23,2024
MAT-30295,Background Material,CID-0515,1490.82,,2025-03-14,2025
MAT-30296,Background Material,CID-0516,1290.41,,2024-04-08,2026
MAT-30297,Background Material,CID-0517,2930.56,confirmed 2025 review,2026-09-13,2024
MAT-30298,Background Material,CID-0518,1347.17,legacy mapping,2025-09-14,2024
MAT-30299,Background Material,CID-0519,2421.37,confirmed 2025 review,2026-04-01,2025
MAT-30300,Background Material,CID-0520,2770.82,,2024-09-21,2024
MAT-30301,Background Material,CID-0521,1523.76,confirmed 2025 review,2025-02-28,2026
MAT-30302,Background Material,CID-0522,2502.66,,2025-09-06,2024
MAT-30303,Background Material,CID-0523,2688.14,confirmed 2025 review,2026-08-02,2024
MAT-30304,Background Material,CID-0524,4063.41,legacy mapping,2026-03-01,2024
MAT-30305,Background Material,CID-0525,4667.6,confirmed 2025 review,2025-10-09,2026
MAT-30306,Background Material,CID-0526,1901.39,legacy mapping,2026-04-19,2026
MAT-30307,Background Material,CID-0527,1407.28,,2026-09-19,2024
MAT-30308,Background Material,CID-0528,1503.89,confirmed 2025 review,2026-02-27,2024
MAT-30309,Background Material,CID-0529,3625.64,legacy mapping,2025-04-20,2026
MAT-30310,Background Material,CID-0530,4787.13,legacy mapping,2026-06-21,2025
MAT-30311,Background Material,CID-0531,4898.22,confirmed 2025 review,2025-04-22,2025
MAT-30312,Background Material,CID-0532,1708.81,confirmed 2025 review,2026-06-01,2026
MAT-30313,Background Material,CID-0533,669.49,,2026-08-01,2024
MAT-30314,Background Material,CID-0534,3363.86,confirmed 2025 review,2026-12-23,2025
MAT-30315,Background Material,CID-0535,3812.56,,2026-11-03,2026
MAT-30316,Background Material,CID-0536,155.71,confirmed 2025 review,2026-02-12,2025
MAT-30317,Background Material,CID-0537,4137.51,legacy mapping,2025-03-27,2026
MAT-30318,Background Material,CID-0538,4918.99,,2025-06-07,2025
MAT-30319,Background Material,CID-0539,47.81,,2025-11-23,2025
MAT-30320,Background Material,CID-0540,958.37,legacy mapping,2026-04-08,2025
MAT-30321,Background Material,CID-0541,4836.52,,2025-08-23,2026
MAT-30322,Background Material,CID-0542,3030.53,,2024-11-13,2024
MAT-30323,Background Material,CID-0543,4349.71,confirmed 2025 review,2024-09-07,2026
MAT-30324,Background Material,CID-0544,3694.34,,2024-10-05,2026
MAT-30325,Background Material,CID-0545,326.18,legacy mapping,2026-04-17,2026
MAT-30326,Background Material,CID-0546,3911.48,,2026-01-23,2026
MAT-30327,Background Material,CID-0547,2665.17,legacy mapping,2026-09-15,2024
MAT-30328,Background Material,CID-0548,4689.51,,2025-07-28,2025
MAT-30329,Background Material,CID-0549,1370.9,confirmed 2025 review,2025-06-17,2024
MAT-30330,Background Material,CID-0550,4419.13,,2024-05-14,2026
MAT-30331,Background Material,CID-0551,2244.86,,2025-04-11,2024
MAT-30332,Background Material,CID-0552,4400.61,,2026-04-23,2025
MAT-30333,Background Material,CID-0553,4788.92,,2024-03-11,2025
MAT-30334,Background Material,CID-0554,315.16,,2024-08-14,2024
MAT-30335,Background Material,CID-0500,2963.06,legacy mapping,2025-04-04,2025
MAT-30336,Background Material,CID-0501,1192.56,legacy mapping,2024-06-17,2024
MAT-30337,Background Material,CID-0502,4717.79,confirmed 2025 review,2024-11-15,2026
MAT-30338,Background Material,CID-0503,625.01,,2024-07-11,2026
MAT-30339,Background Material,CID-0504,326.08,,2024-08-02,2025
MAT-30340,Background Material,CID-0505,3054.08,confirmed 2025 review,2024-02-22,2024
MAT-30341,Background Material,CID-0506,2796.73,legacy mapping,2025-07-04,2026
MAT-30342,Background Material,CID-0507,3760.06,,2026-11-20,2024
MAT-30343,Background Material,CID-0508,2267.6,confirmed 2025 review,2025-10-20,2024
MAT-30344,Background Material,CID-0509,1698.74,,2025-09-11,2026
MAT-30345,Background Material,CID-0510,963.21,,2024-10-23,2024
MAT-30346,Background Material,CID-0511,2964.84,,2026-03-21,2026
MAT-30347,Background Material,CID-0512,1282.17,confirmed 2025 review,2025-12-20,2025
MAT-30348,Background Material,CID-0513,930.43,,2024-01-05,2025
MAT-30349,Background Material,CID-0514,2923.03,legacy mapping,2025-10-18,2024
MAT-30350,Background Material,CID-0515,737.9,legacy mapping,2026-06-10,2025
MAT-30351,Background Material,CID-0516,4851.39,,2024-04-17,2026
MAT-30352,Background Material,CID-0517,4293.65,confirmed 2025 review,2025-04-07,2026
MAT-30353,Background Material,CID-0518,4542.59,,2025-04-22,2025
MAT-30354,Background Material,CID-0519,3474.21,confirmed 2025 review,2026-12-11,2026
MAT-30355,Background Material,CID-0520,2830.92,legacy mapping,2026-05-14,2025
MAT-30356,Background Material,CID-0521,812.24,confirmed 2025 review,2024-08-08,2024
MAT-30357,Background Material,CID-0522,3194.2,,2025-10-07,2024
MAT-30358,Background Material,CID-0523,2404.25,legacy mapping,2026-07-07,2025
MAT-30359,Background Material,CID-0524,922.04,,2025-01-03,2025
MAT-30360,Background Material,CID-0525,151.06,,2024-05-15,2024
MAT-30361,Background Material,CID-0526,3157.04,legacy mapping,2024-01-07,2024
MAT-30362,Background Material,CID-0527,1421.22,,2025-12-06,2025
MAT-30363,Background Material,CID-0528,4237.82,,2024-04-01,2024
MAT-30364,Background Material,CID-0529,4214.56,,2024-11-05,2025
MAT-30365,Background Material,CID-0530,3274.69,,2025-04-10,2025
MAT-30366,Background Material,CID-0531,1201.51,legacy mapping,2026-03-17,2026
MAT-30367,Background Material,CID-0532,4408.44,,2024-03-05,2024
MAT-30368,Background Material,CID-0533,959.21,confirmed 2025 review,2026-06-11,2026
MAT-30369,Background Material,CID-0534,2148.27,,2024-10-19,2024
MAT-30370,Background Material,CID-0535,4272.32,legacy mapping,2024-06-08,2024
MAT-30371,Background Material,CID-0536,3147.67,legacy mapping,2024-09-19,2025
MAT-30372,Background Material,CID-0537,1046.98,,2025-11-20,2024
MAT-30373,Background Material,CID-0538,838.0,confirmed 2025 review,2026-09-12,2025
MAT-30374,Background Material,CID-0539,2594.94,,2025-12-12,2026
MAT-30375,Background Material,CID-0540,3472.85,confirmed 2025 review,2025-05-19,2025
MAT-30376,Background Material,CID-0541,3190.89,,2024-04-07,2025
MAT-30377,Background Material,CID-0542,4315.98,confirmed 2025 review,2024-05-14,2025
MAT-30378,Background Material,CID-0543,2857.28,legacy mapping,2025-09-03,2024
MAT-30379,Background Material,CID-0544,3758.36,legacy mapping,2025-09-12,2024
MAT-30380,Background Material,CID-0545,2920.23,confirmed 2025 review,2026-10-11,2025
MAT-30381,Background Material,CID-0546,2256.3,confirmed 2025 review,2025-06-26,2025
MAT-30382,Background Material,CID-0547,1585.79,confirmed 2025 review,2024-03-15,2024
MAT-30383,Background Material,CID-0548,1328.86,,2025-02-10,2026
MAT-30384,Background Material,CID-0549,2564.44,,2025-04-04,2024
MAT-30385,Background Material,CID-0550,357.67,,2026-04-11,2024
MAT-30386,Background Material,CID-0551,3375.86,legacy mapping,2025-12-27,2026
MAT-30387,Background Material,CID-0552,4227.4,,2026-10-05,2026
MAT-30388,Background Material,CID-0553,3699.37,legacy mapping,2024-05-10,2025
MAT-30389,Background Material,CID-0554,3915.86,confirmed 2025 review,2025-10-25,2026
MAT-30390,Background Material,CID-0500,60.44,,2025-04-08,2026
MAT-30391,Background Material,CID-0501,3745.94,confirmed 2025 review,2024-09-19,2026
MAT-30392,Background Material,CID-0502,3788.35,confirmed 2025 review,2025-02-11,2024
MAT-30393,Background Material,CID-0503,2144.54,confirmed 2025 review,2024-08-15,2026
MAT-30394,Background Material,CID-0504,151.49,,2026-03-10,2026
MAT-30395,Background Material,CID-0505,49.4,legacy mapping,2025-04-14,2025
MAT-30396,Background Material,CID-0506,3429.13,confirmed 2025 review,2026-09-10,2025
MAT-30397,Background Material,CID-0507,2935.19,,2024-03-11,2026
MAT-30398,Background Material,CID-0508,3149.57,confirmed 2025 review,2025-04-13,2024
MAT-30399,Background Material,CID-0509,2672.92,,2025-02-11,2026
MAT-30400,Background Material,CID-0510,4809.73,legacy mapping,2024-03-04,2026
MAT-30401,Background Material,CID-0511,2764.98,,2026-10-16,2024
MAT-30402,Background Material,CID-0512,934.27,,2025-05-07,2024
MAT-30403,Background Material,CID-0513,1456.24,,2025-01-12,2026
MAT-30404,Background Material,CID-0514,56.22,legacy mapping,2025-07-06,2024
MAT-30405,Background Material,CID-0515,646.56,confirmed 2025 review,2025-12-03,2025
MAT-30406,Background Material,CID-0516,4775.53,,2024-04-10,2025
MAT-30407,Background Material,CID-0517,4089.66,confirmed 2025 review,2024-10-19,2025
MAT-30408,Background Material,CID-0518,2937.87,confirmed 2025 review,2025-04-01,2024
MAT-30409,Background Material,CID-0519,2229.21,confirmed 2025 review,2026-04-17,2025
MAT-30410,Background Material,CID-0520,4551.6,confirmed 2025 review,2025-08-19,2024
MAT-30411,Background Material,CID-0521,3686.72,legacy mapping,2026-08-12,2026
MAT-30412,Background Material,CID-0522,4213.35,legacy mapping,2025-10-27,2024
MAT-30413,Background Material,CID-0523,2075.85,,2026-12-14,2025
MAT-30414,Background Material,CID-0524,1923.94,,2026-10-04,2025
MAT-30415,Background Material,CID-0525,3493.53,,2024-03-09,2026
MAT-30416,Background Material,CID-0526,2689.15,,2026-12-24,2024
MAT-30417,Background Material,CID-0527,4543.77,confirmed 2025 review,2026-02-12,2024
MAT-30418,Background Material,CID-0528,3777.23,legacy mapping,2025-08-06,2025
MAT-30419,Background Material,CID-0529,1037.65,,2025-01-03,2026
MAT-30420,Background Material,CID-0530,3472.73,confirmed 2025 review,2025-06-24,2025
MAT-30421,Background Material,CID-0531,4279.01,confirmed 2025 review,2024-01-09,2024
MAT-30422,Background Material,CID-0532,3545.79,,2025-11-24,2025
MAT-30423,Background Material,CID-0533,2424.31,,2024-09-22,2024
MAT-30424,Background Material,CID-0534,3568.19,confirmed 2025 review,2024-08-27,2025
MAT-30425,Background Material,CID-0535,4207.97,,2024-10-04,2024
MAT-30426,Background Material,CID-0536,1471.43,confirmed 2025 review,2024-02-22,2024
MAT-30427,Background Material,CID-0537,3387.24,,2025-06-06,2024
MAT-30428,Background Material,CID-0538,3572.35,,2025-12-02,2026
MAT-30429,Background Material,CID-0539,4057.75,,2025-12-10,2025
MAT-30430,Background Material,CID-0540,263.02,,2024-07-25,2024
MAT-30431,Background Material,CID-0541,4644.17,legacy mapping,2024-04-03,2024
MAT-30432,Background Material,CID-0542,2108.99,,2025-04-22,2026
MAT-30433,Background Material,CID-0543,316.79,,2026-03-24,2024
MAT-30434,Background Material,CID-0544,221.02,,2025-06-18,2026
MAT-30435,Background Material,CID-0545,948.55,,2026-07-14,2024
MAT-30436,Background Material,CID-0546,1162.81,,2025-06-06,2024
MAT-30437,Background Material,CID-0547,2011.3,legacy mapping,2024-07-07,2025
MAT-30438,Background Material,CID-0548,1101.26,legacy mapping,2026-10-12,2024
MAT-30439,Background Material,CID-0549,337.59,,2025-05-25,2026
MAT-30440,Background Material,CID-0550,2498.38,,2026-09-26,2026
MAT-30441,Background Material,CID-0551,858.12,,2026-06-21,2026
MAT-30442,Background Material,CID-0552,1943.44,,2025-03-21,2026
MAT-30443,Background Material,CID-0553,1590.52,confirmed 2025 review,2024-06-01,2026
MAT-30444,Background Material,CID-0554,4560.6,confirmed 2025 review,2025-09-21,2026
MAT-30445,Background Material,CID-0500,1162.89,,2024-01-20,2024
MAT-30446,Background Material,CID-0501,1544.93,confirmed 2025 review,2024-10-03,2024
MAT-30447,Background Material,CID-0502,688.64,confirmed 2025 review,2025-04-05,2025
MAT-30448,Background Material,CID-0503,1022.72,,2024-12-20,2025
MAT-30449,Background Material,CID-0504,3696.54,legacy mapping,2024-05-11,2026
MAT-30450,Background Material,CID-0505,3935.07,,2026-07-21,2025
MAT-30451,Background Material,CID-0506,3753.0,,2026-06-11,2024
MAT-30452,Background Material,CID-0507,1029.88,,2026-04-26,2026
MAT-30453,Background Material,CID-0508,3481.69,,2026-07-17,2025
MAT-30454,Background Material,CID-0509,918.54,,2024-08-03,2024
MAT-30455,Background Material,CID-0510,261.48,,2024-03-03,2024
MAT-30456,Background Material,CID-0511,2963.56,,2024-09-03,2025
MAT-30457,Background Material,CID-0512,3625.22,legacy mapping,2024-12-07,2024
MAT-30458,Background Material,CID-0513,2120.66,,2025-05-19,2025
MAT-30459,Background Material,CID-0514,4838.66,,2025-08-03,2025
MAT-30460,Background Material,CID-0515,1991.82,,2025-08-14,2026
MAT-30461,Background Material,CID-0516,3047.36,confirmed 2025 review,2024-08-01,2025
MAT-30462,Background Material,CID-0517,2137.56,,2025-10-18,2024
MAT-30463,Background Material,CID-0518,2764.71,,2025-07-15,2025
MAT-30464,Background Material,CID-0519,2268.56,confirmed 2025 review,2026-10-16,2024
MAT-30465,Background Material,CID-0520,1666.84,confirmed 2025 review,2024-03-07,2024
MAT-30466,Background Material,CID-0521,65.16,legacy mapping,2025-07-14,2025
MAT-30467,Background Material,CID-0522,4852.49,legacy mapping,2025-08-10,2026
MAT-30468,Background Material,CID-0523,4937.62,,2025-01-04,2025
MAT-30469,Background Material,CID-0524,4660.72,,2024-07-09,2026
MAT-30470,Background Material,CID-0525,1743.54,confirmed 2025 review,2026-12-12,2026
MAT-30471,Background Material,CID-0526,289.47,confirmed 2025 review,2025-12-08,2024
MAT-30472,Background Material,CID-0527,2389.15,legacy mapping,2026-12-22,2024
MAT-30473,Background Material,CID-0528,3487.66,,2025-10-15,2026
MAT-30474,Background Material,CID-0529,737.69,,2026-10-22,2024
MAT-30475,Background Material,CID-0530,62.67,,2026-12-13,2025
MAT-30476,Background Material,CID-0531,3530.64,,2026-04-14,2024
MAT-30477,Background Material,CID-0532,4148.92,legacy mapping,2026-05-17,2026
MAT-30478,Background Material,CID-0533,3292.77,confirmed 2025 review,2026-05-24,2025
MAT-30479,Background Material,CID-0534,3762.56,,2024-11-19,2025
MAT-30480,Background Material,CID-0535,4071.33,legacy mapping,2026-04-24,2025
MAT-30481,Background Material,CID-0536,3495.35,,2024-08-01,2024
MAT-30482,Background Material,CID-0537,350.14,confirmed 2025 review,2026-07-21,2025
MAT-30483,Background Material,CID-0538,3665.48,,2024-06-06,2026
MAT-30484,Background Material,CID-0539,672.53,confirmed 2025 review,2024-09-04,2025
MAT-30485,Background Material,CID-0540,2835.89,,2024-04-02,2026
MAT-30486,Background Material,CID-0541,914.46,,2025-07-15,2026
MAT-30487,Background Material,CID-0542,4564.94,,2026-03-03,2025
MAT-30488,Background Material,CID-0543,429.45,,2025-02-11,2024
MAT-30489,Background Material,CID-0544,2928.65,confirmed 2025 review,2025-11-25,2024
MAT-30490,Background Material,CID-0545,48.52,legacy mapping,2024-11-19,2024
MAT-30491,Background Material,CID-0546,485.11,,2025-10-17,2025
MAT-30492,Background Material,CID-0547,4660.71,confirmed 2025 review,2025-10-14,2025
MAT-30493,Background Material,CID-0548,1854.55,legacy mapping,2025-04-12,2026
MAT-30494,Background Material,CID-0549,1992.96,,2025-06-26,2024
MAT-30495,Background Material,CID-0550,16.42,confirmed 2025 review,2026-03-01,2026
MAT-30496,Background Material,CID-0551,615.35,legacy mapping,2026-04-12,2025
MAT-30497,Background Material,CID-0552,3092.14,confirmed 2025 review,2026-07-22,2024
MAT-30498,Background Material,CID-0553,16.64,legacy mapping,2024-11-12,2024
MAT-30499,Background Material,CID-0554,4848.02,legacy mapping,2026-08-08,2026
MAT-30500,Background Material,CID-0500,2423.2,,2025-07-16,2026
MAT-30501,Background Material,CID-0501,4285.64,,2026-07-10,2026
MAT-30502,Background Material,CID-0502,976.19,,2026-10-26,2026
MAT-30503,Background Material,CID-0503,2523.68,,2025-02-10,2026
MAT-30504,Background Material,CID-0504,4981.53,confirmed 2025 review,2024-08-04,2025
MAT-30505,Background Material,CID-0505,3313.55,,2024-04-06,2026
MAT-30506,Background Material,CID-0506,3499.85,,2025-12-01,2024
MAT-30507,Background Material,CID-0507,4645.09,legacy mapping,2025-05-08,2026
MAT-30508,Background Material,CID-0508,1288.89,confirmed 2025 review,2026-02-22,2024
MAT-30509,Background Material,CID-0509,4613.76,confirmed 2025 review,2024-12-11,2024
MAT-30510,Background Material,CID-0510,4658.97,,2026-06-13,2026
MAT-30511,Background Material,CID-0511,3715.1,confirmed 2025 review,2026-11-26,2026
MAT-30512,Background Material,CID-0512,4831.27,confirmed 2025 review,2024-04-09,2024
MAT-30513,Background Material,CID-0513,1455.59,,2024-06-24,2026
MAT-30514,Background Material,CID-0514,4686.12,,2026-06-05,2025
MAT-30515,Background Material,CID-0515,4770.39,,2025-01-19,2026
MAT-30516,Background Material,CID-0516,950.1,confirmed 2025 review,2025-06-25,2025
MAT-30517,Background Material,CID-0517,3987.79,,2026-11-20,2026
MAT-30518,Background Material,CID-0518,1111.49,confirmed 2025 review,2024-09-28,2025
MAT-30519,Background Material,CID-0519,1580.32,legacy mapping,2024-08-22,2025
MAT-30520,Background Material,CID-0520,737.98,legacy mapping,2024-12-22,2026
MAT-30521,Background Material,CID-0521,172.68,legacy mapping,2025-09-23,2024
MAT-30522,Background Material,CID-0522,1367.99,confirmed 2025 review,2026-04-16,2025
MAT-30523,Background Material,CID-0523,3521.0,confirmed 2025 review,2024-06-05,2026
MAT-30524,Background Material,CID-0524,1053.85,,2026-12-02,2024
MAT-30525,Background Material,CID-0525,4284.04,confirmed 2025 review,2025-11-28,2024
MAT-30526,Background Material,CID-0526,4955.33,confirmed 2025 review,2025-07-22,2025
MAT-30527,Background Material,CID-0527,4951.58,confirmed 2025 review,2025-02-17,2026
MAT-30528,Background Material,CID-0528,1415.92,,2026-09-13,2024
MAT-30529,Background Material,CID-0529,655.37,,2026-05-15,2026
MAT-30530,Background Material,CID-0530,819.31,,2025-12-16,2025
MAT-30531,Background Material,CID-0531,4486.19,,2024-12-07,2026
MAT-30532,Background Material,CID-0532,3256.54,legacy mapping,2026-10-04,2026
MAT-30533,Background Material,CID-0533,3927.71,,2025-07-22,2024
MAT-30534,Background Material,CID-0534,4630.0,,2025-08-06,2024
MAT-30535,Background Material,CID-0535,587.62,legacy mapping,2026-07-05,2026
MAT-30536,Background Material,CID-0536,3613.03,,2024-02-08,2025
MAT-30537,Background Material,CID-0537,2443.64,,2026-12-13,2026
MAT-30538,Background Material,CID-0538,4955.83,,2025-11-13,2025
MAT-30539,Background Material,CID-0539,3162.04,confirmed 2025 review,2025-01-04,2024
MAT-30540,Background Material,CID-0540,414.1,confirmed 2025 review,2026-11-17,2024
MAT-30541,Background Material,CID-0541,116.11,confirmed 2025 review,2025-12-24,2024
MAT-30542,Background Material,CID-0542,3971.92,,2025-08-21,2026
MAT-30543,Background Material,CID-0543,2168.85,,2024-06-03,2026
MAT-30544,Background Material,CID-0544,4544.49,,2025-12-01,2025
MAT-30545,Background Material,CID-0545,2780.74,confirmed 2025 review,2024-09-27,2026
MAT-30546,Background Material,CID-0546,2695.37,,2024-11-04,2024
MAT-30547,Background Material,CID-0547,4310.16,,2024-09-15,2025
MAT-30548,Background Material,CID-0548,616.1,,2026-04-21,2024
MAT-30549,Background Material,CID-0549,440.02,legacy mapping,2024-02-04,2026
MAT-30550,Background Material,CID-0550,1493.59,,2025-11-01,2024
MAT-30551,Background Material,CID-0551,1503.7,legacy mapping,2026-09-15,2024
MAT-30552,Background Material,CID-0552,2885.78,legacy mapping,2026-06-20,2026
MAT-30553,Background Material,CID-0553,2553.44,,2026-01-08,2024
MAT-30554,Background Material,CID-0554,941.18,legacy mapping,2024-03-20,2026
MAT-30555,Background Material,CID-0500,1080.98,legacy mapping,2025-03-24,2026
MAT-30556,Background Material,CID-0501,2110.65,legacy mapping,2025-07-21,2024
MAT-30557,Background Material,CID-0502,2000.9,,2025-11-14,2026
MAT-30558,Background Material,CID-0503,717.08,,2024-11-24,2025
MAT-30559,Background Material,CID-0504,4976.8,,2026-06-19,2026
MAT-30560,Background Material,CID-0505,3239.21,,2025-03-11,2025
MAT-30561,Background Material,CID-0506,1895.33,,2024-05-04,2026
MAT-30562,Background Material,CID-0507,550.84,confirmed 2025 review,2024-06-21,2024
MAT-30563,Background Material,CID-0508,1814.73,legacy mapping,2025-03-28,2024
MAT-30564,Background Material,CID-0509,1368.96,,2025-04-13,2024
MAT-30565,Background Material,CID-0510,3913.89,,2024-09-24,2025
MAT-30566,Background Material,CID-0511,2944.55,confirmed 2025 review,2024-09-12,2026
MAT-30567,Background Material,CID-0512,2861.22,legacy mapping,2026-05-20,2024
MAT-30568,Background Material,CID-0513,4482.95,,2025-07-06,2025
MAT-30569,Background Material,CID-0514,4030.62,confirmed 2025 review,2025-10-05,2025
MAT-30570,Background Material,CID-0515,48.48,,2026-03-05,2025
MAT-30571,Background Material,CID-0516,2838.24,legacy mapping,2024-12-21,2025
MAT-30572,Background Material,CID-0517,3537.8,,2026-10-14,2026
MAT-30573,Background Material,CID-0518,2289.48,confirmed 2025 review,2025-08-17,2025
MAT-30574,Background Material,CID-0519,1379.84,confirmed 2025 review,2026-12-27,2024
MAT-30575,Background Material,CID-0520,1526.63,,2025-07-25,2025
MAT-30576,Background Material,CID-0521,4226.38,,2024-12-08,2024
MAT-30577,Background Material,CID-0522,826.4,,2024-12-10,2026
MAT-30578,Background Material,CID-0523,4648.02,,2025-11-17,2026
MAT-30579,Background Material,CID-0524,683.01,confirmed 2025 review,2026-11-22,2026
MAT-30580,Background Material,CID-0525,3489.71,confirmed 2025 review,2024-10-07,2026
MAT-30581,Background Material,CID-0526,37.44,confirmed 2025 review,2026-09-24,2025
MAT-30582,Background Material,CID-0527,1221.89,,2026-08-06,2026
MAT-30583,Background Material,CID-0528,4651.0,,2024-02-12,2024
MAT-30584,Background Material,CID-0529,2568.91,,2025-08-13,2024
MAT-30585,Background Material,CID-0530,1867.05,,2025-11-08,2026
MAT-30586,Background Material,CID-0531,4254.03,,2025-05-16,2025
MAT-30587,Background Material,CID-0532,1324.49,,2026-11-19,2025
MAT-30588,Background Material,CID-0533,1088.1,legacy mapping,2026-09-27,2024
MAT-30589,Background Material,CID-0534,4677.14,confirmed 2025 review,2024-06-01,2026
MAT-30590,Background Material,CID-0535,2302.31,legacy mapping,2025-02-01,2025
MAT-30591,Background Material,CID-0536,4451.09,,2025-06-01,2024
MAT-30592,Background Material,CID-0537,2154.59,,2024-09-17,2024
MAT-30593,Background Material,CID-0538,2054.18,confirmed 2025 review,2024-03-25,2026
MAT-30594,Background Material,CID-0539,1251.42,confirmed 2025 review,2025-06-10,2025
MAT-30595,Background Material,CID-0540,2142.28,,2026-05-04,2025
MAT-30596,Background Material,CID-0541,3281.74,confirmed 2025 review,2024-03-12,2026
MAT-30597,Background Material,CID-0542,2170.37,legacy mapping,2026-04-04,2024
MAT-30598,Background Material,CID-0543,1425.21,,2025-07-24,2025
MAT-30599,Background Material,CID-0544,4505.09,,2026-04-16,2026
MAT-30600,Background Material,CID-0545,4914.66,,2025-08-18,2025
MAT-30601,Background Material,CID-0546,3999.3,,2025-07-17,2026
MAT-30602,Background Material,CID-0547,4617.88,confirmed 2025 review,2024-02-04,2024
MAT-30603,Background Material,CID-0548,631.49,legacy mapping,2026-01-25,2026
MAT-30604,Background Material,CID-0549,1183.29,legacy mapping,2025-10-24,2024
MAT-30605,Background Material,CID-0550,2172.21,legacy mapping,2025-08-03,2025
MAT-30606,Background Material,CID-0551,1239.49,,2026-09-06,2024
MAT-30607,Background Material,CID-0552,1406.41,,2025-12-08,2026
MAT-30608,Background Material,CID-0553,4103.23,,2025-12-26,2024
MAT-30609,Background Material,CID-0554,3506.02,,2024-10-21,2026
MAT-30610,Background Material,CID-0500,744.48,,2024-07-02,2025
MAT-30611,Background Material,CID-0501,4952.0,,2025-01-20,2024
MAT-30612,Background Material,CID-0502,455.59,,2025-07-17,2025
MAT-30613,Background Material,CID-0503,3501.09,,2024-06-14,2025
MAT-30614,Background Material,CID-0504,307.69,confirmed 2025 review,2026-01-10,2024
MAT-30615,Background Material,CID-0505,1346.96,legacy mapping,2025-12-14,2024
MAT-30616,Background Material,CID-0506,1599.88,,2024-01-01,2024
MAT-30617,Background Material,CID-0507,3302.49,legacy mapping,2024-05-16,2025
MAT-30618,Background Material,CID-0508,4542.5,,2025-03-09,2025
MAT-30619,Background Material,CID-0509,1818.54,legacy mapping,2024-02-22,2024
MAT-30620,Background Material,CID-0510,3415.12,,2025-06-24,2025
MAT-30621,Background Material,CID-0511,3714.92,legacy mapping,2024-11-09,2024
MAT-30622,Background Material,CID-0512,2922.05,,2024-03-21,2026
MAT-30623,Background Material,CID-0513,3009.57,,2026-11-27,2024
MAT-30624,Background Material,CID-0514,965.44,confirmed 2025 review,2024-02-18,2026
MAT-30625,Background Material,CID-0515,1715.15,confirmed 2025 review,2024-09-24,2024
MAT-30626,Background Material,CID-0516,220.01,,2025-09-23,2025
MAT-30627,Background Material,CID-0517,4458.04,legacy mapping,2025-08-21,2026
MAT-30628,Background Material,CID-0518,588.03,confirmed 2025 review,2024-08-14,2026
MAT-30629,Background Material,CID-0519,4656.73,,2024-10-09,2026
MAT-30630,Background Material,CID-0520,4837.47,legacy mapping,2024-10-02,2026
MAT-30631,Background Material,CID-0521,951.76,confirmed 2025 review,2025-11-18,2026
MAT-30632,Background Material,CID-0522,4857.72,,2025-09-13,2026
MAT-30633,Background Material,CID-0523,3897.08,confirmed 2025 review,2026-05-07,2024
MAT-30634,Background Material,CID-0524,19.0,,2026-12-01,2026
MAT-30635,Background Material,CID-0525,2277.75,legacy mapping,2025-04-10,2026
MAT-30636,Background Material,CID-0526,1343.3,,2024-04-02,2026
MAT-30637,Background Material,CID-0527,1191.85,,2026-03-09,2024
MAT-30638,Background Material,CID-0528,1352.9,,2026-04-27,2024
MAT-30639,Background Material,CID-0529,2673.44,,2026-06-21,2026
MAT-30640,Background Material,CID-0530,4861.12,legacy mapping,2024-12-18,2025
MAT-30641,Background Material,CID-0531,3610.68,confirmed 2025 review,2026-05-11,2024
MAT-30642,Background Material,CID-0532,3130.15,,2025-04-24,2025
MAT-30643,Background Material,CID-0533,884.5,,2026-11-28,2026
MAT-30644,Background Material,CID-0534,533.11,confirmed 2025 review,2026-05-28,2026
MAT-30645,Background Material,CID-0535,3171.89,,2025-04-11,2025
MAT-30646,Background Material,CID-0536,1020.39,confirmed 2025 review,2024-08-08,2026
MAT-30647,Background Material,CID-0537,3631.7,legacy mapping,2024-08-03,2025
MAT-30648,Background Material,CID-0538,908.39,,2024-04-19,2025
MAT-30649,Background Material,CID-0539,4716.83,,2026-05-01,2025
MAT-30650,Background Material,CID-0540,815.43,,2025-11-20,2024
MAT-30651,Background Material,CID-0541,348.2,,2025-04-15,2026
MAT-30652,Background Material,CID-0542,4851.96,,2026-09-05,2026
MAT-30653,Background Material,CID-0543,3752.47,,2026-02-13,2025
MAT-30654,Background Material,CID-0544,104.56,,2026-01-05,2024
MAT-30655,Background Material,CID-0545,3850.82,legacy mapping,2024-11-20,2024
MAT-30656,Background Material,CID-0546,3962.21,,2024-09-24,2025
MAT-30657,Background Material,CID-0547,4263.75,,2024-03-16,2026
MAT-30658,Background Material,CID-0548,4462.06,,2025-06-16,2024
MAT-30659,Background Material,CID-0549,1219.8,legacy mapping,2026-09-04,2024
MAT-30660,Background Material,CID-0550,4124.8,,2026-05-04,2026
MAT-30661,Background Material,CID-0551,4432.4,confirmed 2025 review,2024-01-08,2024
MAT-30662,Background Material,CID-0552,1134.15,confirmed 2025 review,2024-06-21,2025
MAT-30663,Background Material,CID-0553,1130.2,confirmed 2025 review,2026-12-27,2024
MAT-30664,Background Material,CID-0554,2459.61,,2024-02-10,2025
MAT-30665,Background Material,CID-0500,382.37,legacy mapping,2024-06-03,2024
MAT-30666,Background Material,CID-0501,3022.93,,2025-09-11,2026
MAT-30667,Background Material,CID-0502,907.65,confirmed 2025 review,2024-11-22,2025
MAT-30668,Background Material,CID-0503,3124.17,legacy mapping,2025-02-09,2025
MAT-30669,Background Material,CID-0504,3309.0,legacy mapping,2026-02-26,2024
MAT-30670,Background Material,CID-0505,4308.71,,2026-03-11,2024
MAT-30671,Background Material,CID-0506,1953.61,confirmed 2025 review,2024-02-19,2025
MAT-30672,Background Material,CID-0507,4797.97,legacy mapping,2024-02-11,2024
MAT-30673,Background Material,CID-0508,910.18,confirmed 2025 review,2025-06-16,2025
MAT-30674,Background Material,CID-0509,2406.96,confirmed 2025 review,2026-11-11,2024
MAT-30675,Background Material,CID-0510,4010.9,,2025-07-18,2025
MAT-30676,Background Material,CID-0511,2694.2,confirmed 2025 review,2026-09-27,2024
MAT-30677,Background Material,CID-0512,1923.75,confirmed 2025 review,2026-10-25,2026
MAT-30678,Background Material,CID-0513,4056.65,,2026-02-08,2025
MAT-30679,Background Material,CID-0514,15.33,,2025-09-16,2024
MAT-30680,Background Material,CID-0515,4604.6,,2025-06-28,2024
MAT-30681,Background Material,CID-0516,1474.19,,2026-07-08,2024
MAT-30682,Background Material,CID-0517,4139.28,,2026-03-04,2026
MAT-30683,Background Material,CID-0518,3520.11,confirmed 2025 review,2026-01-23,2025
MAT-30684,Background Material,CID-0519,1859.05,,2026-10-03,2025
MAT-30685,Background Material,CID-0520,4187.35,,2024-03-12,2024
MAT-30686,Background Material,CID-0521,395.89,,2024-10-27,2025
MAT-30687,Background Material,CID-0522,749.44,,2025-12-05,2026
MAT-30688,Background Material,CID-0523,2637.72,legacy mapping,2025-07-24,2025
MAT-30689,Background Material,CID-0524,2220.42,,2025-02-05,2024
MAT-30690,Background Material,CID-0525,4405.9,,2026-03-17,2024
MAT-30691,Background Material,CID-0526,55.33,confirmed 2025 review,2026-08-18,2026
MAT-30692,Background Material,CID-0527,4147.76,legacy mapping,2026-04-14,2024
MAT-30693,Background Material,CID-0528,1359.87,,2026-07-05,2026
MAT-30694,Background Material,CID-0529,1060.11,,2024-07-06,2026
MAT-30695,Background Material,CID-0530,4879.96,,2026-08-16,2025
MAT-30696,Background Material,CID-0531,3263.85,confirmed 2025 review,2025-03-02,2025
MAT-30697,Background Material,CID-0532,3233.59,,2025-02-04,2024
MAT-30698,Background Material,CID-0533,1814.15,legacy mapping,2024-04-10,2024
MAT-30699,Background Material,CID-0534,2708.3,,2024-10-01,2025
MAT-30700,Background Material,CID-0535,939.53,,2026-01-08,2025
MAT-30701,Background Material,CID-0536,426.11,,2026-08-02,2024
MAT-30702,Background Material,CID-0537,1573.59,legacy mapping,2024-06-25,2025
MAT-30703,Background Material,CID-0538,4793.74,,2025-07-24,2025
MAT-30704,Background Material,CID-0539,4869.28,,2025-07-24,2026
MAT-30705,Background Material,CID-0540,505.91,,2024-10-26,2025
MAT-30706,Background Material,CID-0541,2385.29,,2025-03-05,2026
MAT-30707,Background Material,CID-0542,2316.07,,2026-04-07,2026
MAT-30708,Background Material,CID-0543,3271.45,,2026-09-24,2026
MAT-30709,Background Material,CID-0544,3257.32,legacy mapping,2025-03-11,2025
MAT-30710,Background Material,CID-0545,1802.22,confirmed 2025 review,2024-12-25,2026
MAT-30711,Background Material,CID-0546,1938.78,,2026-10-03,2024
MAT-30712,Background Material,CID-0547,2834.94,confirmed 2025 review,2024-01-05,2025
MAT-30713,Background Material,CID-0548,2736.13,,2025-02-15,2025
MAT-30714,Background Material,CID-0549,849.42,legacy mapping,2024-02-09,2026
MAT-30715,Background Material,CID-0550,1817.28,,2024-03-23,2025
MAT-30716,Background Material,CID-0551,1290.46,confirmed 2025 review,2025-08-21,2024
MAT-30717,Background Material,CID-0552,4699.21,confirmed 2025 review,2024-06-28,2025
MAT-30718,Background Material,CID-0553,2005.3,,2025-06-17,2026
MAT-30719,Background Material,CID-0554,4760.27,legacy mapping,2024-11-14,2026
MAT-30720,Background Material,CID-0500,2251.01,,2026-11-02,2026
MAT-30721,Background Material,CID-0501,3953.16,,2024-02-10,2025
MAT-30722,Background Material,CID-0502,791.87,confirmed 2025 review,2024-04-13,2025
MAT-30723,Background Material,CID-0503,3346.08,legacy mapping,2025-08-21,2026
MAT-30724,Background Material,CID-0504,4500.73,confirmed 2025 review,2024-02-06,2026
MAT-30725,Background Material,CID-0505,542.63,confirmed 2025 review,2025-04-13,2025
MAT-30726,Background Material,CID-0506,323.29,legacy mapping,2026-08-07,2026
MAT-30727,Background Material,CID-0507,3706.68,,2025-08-02,2026
MAT-30728,Background Material,CID-0508,779.55,confirmed 2025 review,2024-11-07,2025
MAT-30729,Background Material,CID-0509,2841.46,confirmed 2025 review,2024-06-26,2025
MAT-30730,Background Material,CID-0510,4892.83,,2024-04-28,2024
MAT-30731,Background Material,CID-0511,4763.27,confirmed 2025 review,2025-05-21,2024
MAT-30732,Background Material,CID-0512,418.87,,2025-07-03,2025
MAT-30733,Background Material,CID-0513,4369.01,confirmed 2025 review,2025-09-07,2026
MAT-30734,Background Material,CID-0514,4465.47,,2024-02-14,2025
MAT-30735,Background Material,CID-0515,4816.87,legacy mapping,2024-04-12,2025
MAT-30736,Background Material,CID-0516,2408.64,,2026-07-12,2026
MAT-30737,Background Material,CID-0517,2852.01,,2026-10-07,2024
MAT-30738,Background Material,CID-0518,3613.9,,2025-11-27,2026
MAT-30739,Background Material,CID-0519,3714.44,legacy mapping,2024-03-15,2024
MAT-30740,Background Material,CID-0520,2497.73,legacy mapping,2024-11-14,2025
MAT-30741,Background Material,CID-0521,2603.94,,2025-03-21,2025
MAT-30742,Background Material,CID-0522,3194.94,,2024-04-24,2024
MAT-30743,Background Material,CID-0523,2101.46,,2026-07-07,2025
MAT-30744,Background Material,CID-0524,1049.61,,2026-10-01,2025
MAT-30745,Background Material,CID-0525,4069.08,,2025-05-17,2024
MAT-30746,Background Material,CID-0526,3496.89,confirmed 2025 review,2025-07-12,2025
MAT-30747,Background Material,CID-0527,4141.1,confirmed 2025 review,2026-06-04,2024
MAT-30748,Background Material,CID-0528,2294.66,legacy mapping,2024-09-20,2024
MAT-30749,Background Material,CID-0529,2714.27,confirmed 2025 review,2025-11-23,2026
MAT-30750,Background Material,CID-0530,2188.03,legacy mapping,2026-10-28,2024
MAT-30751,Background Material,CID-0531,4976.82,,2024-11-01,2026
MAT-30752,Background Material,CID-0532,4662.55,,2025-12-25,2026
MAT-30753,Background Material,CID-0533,4636.22,,2026-08-17,2026
MAT-30754,Background Material,CID-0534,4029.55,legacy mapping,2025-04-08,2025
MAT-30755,Background Material,CID-0535,2758.39,,2024-08-04,2025
MAT-30756,Background Material,CID-0536,4838.11,confirmed 2025 review,2025-11-23,2026
MAT-30757,Background Material,CID-0537,1979.65,legacy mapping,2024-09-10,2025
MAT-30758,Background Material,CID-0538,4398.16,legacy mapping,2025-07-22,2024
MAT-30759,Background Material,CID-0539,21.78,confirmed 2025 review,2024-01-01,2024
MAT-30760,Background Material,CID-0540,3952.76,legacy mapping,2025-03-19,2025
MAT-30761,Background Material,CID-0541,1209.91,confirmed 2025 review,2024-10-21,2025
MAT-30762,Background Material,CID-0542,4142.92,confirmed 2025 review,2024-11-13,2026
MAT-30763,Background Material,CID-0543,869.41,legacy mapping,2026-03-14,2024
MAT-30764,Background Material,CID-0544,498.79,,2026-02-21,2026
MAT-30765,Background Material,CID-0545,3921.62,legacy mapping,2026-03-11,2024
MAT-30766,Background Material,CID-0546,467.18,,2025-01-21,2026
MAT-30767,Background Material,CID-0547,766.09,,2026-07-01,2026
MAT-30768,Background Material,CID-0548,3671.11,confirmed 2025 review,2026-11-25,2025
MAT-30769,Background Material,CID-0549,933.59,,2025-04-18,2024
MAT-30770,Background Material,CID-0550,3631.84,confirmed 2025 review,2025-11-02,2025
MAT-30771,Background Material,CID-0551,415.73,,2026-01-21,2026
MAT-30772,Background Material,CID-0552,4334.83,,2025-10-04,2024
MAT-30773,Background Material,CID-0553,710.04,legacy mapping,2024-02-03,2025
MAT-30774,Background Material,CID-0554,4223.27,,2025-02-16,2024
MAT-30775,Background Material,CID-0500,2069.31,confirmed 2025 review,2026-02-07,2026
MAT-30776,Background Material,CID-0501,2100.12,legacy mapping,2026-08-26,2024
MAT-30777,Background Material,CID-0502,899.85,,2024-11-19,2026
MAT-30778,Background Material,CID-0503,3033.67,,2024-06-12,2025
MAT-30779,Background Material,CID-0504,4974.59,,2024-09-24,2025
MAT-30780,Background Material,CID-0505,4632.99,,2026-01-18,2024
MAT-30781,Background Material,CID-0506,2590.46,,2024-06-04,2024
MAT-30782,Background Material,CID-0507,148.46,,2024-02-24,2026
MAT-30783,Background Material,CID-0508,4699.3,legacy mapping,2025-08-07,2024
MAT-30784,Background Material,CID-0509,1743.42,legacy mapping,2025-12-26,2025
MAT-30785,Background Material,CID-0510,2180.87,confirmed 2025 review,2024-05-06,2024
MAT-30786,Background Material,CID-0511,3435.6,legacy mapping,2025-02-19,2026
MAT-30787,Background Material,CID-0512,1558.61,,2026-08-14,2025
MAT-30788,Background Material,CID-0513,2119.26,legacy mapping,2025-10-04,2026
MAT-30789,Background Material,CID-0514,1915.85,,2026-06-12,2026
MAT-30790,Background Material,CID-0515,4096.89,confirmed 2025 review,2024-01-17,2025
MAT-30791,Background Material,CID-0516,2934.76,legacy mapping,2026-11-17,2025
MAT-30792,Background Material,CID-0517,1992.14,,2024-06-14,2024
MAT-30793,Background Material,CID-0518,1789.36,,2024-11-12,2025
MAT-30794,Background Material,CID-0519,726.05,legacy mapping,2024-01-11,2026
MAT-30795,Background Material,CID-0520,55.49,legacy mapping,2024-08-19,2025
MAT-30796,Background Material,CID-0521,4493.82,,2025-05-20,2024
MAT-30797,Background Material,CID-0522,2636.78,,2026-05-23,2026
MAT-30798,Background Material,CID-0523,4731.41,,2026-11-14,2026
MAT-30799,Background Material,CID-0524,3781.25,legacy mapping,2025-04-07,2024
MAT-30800,Background Material,CID-0525,4013.82,confirmed 2025 review,2024-05-14,2024
MAT-30801,Background Material,CID-0526,621.34,,2026-06-19,2025
MAT-30802,Background Material,CID-0527,1182.87,,2025-01-21,2026
MAT-30803,Background Material,CID-0528,4939.79,confirmed 2025 review,2025-03-27,2025
MAT-30804,Background Material,CID-0529,186.0,,2025-11-01,2024
MAT-30805,Background Material,CID-0530,2350.0,confirmed 2025 review,2026-05-09,2025
MAT-30806,Background Material,CID-0531,3768.71,confirmed 2025 review,2024-09-25,2025
MAT-30807,Background Material,CID-0532,2469.6,,2025-05-23,2025
MAT-30808,Background Material,CID-0533,2467.19,,2025-10-04,2024
MAT-30809,Background Material,CID-0534,1120.85,,2024-02-11,2026
MAT-30810,Background Material,CID-0535,3621.54,,2024-02-07,2026
MAT-30811,Background Material,CID-0536,4511.48,legacy mapping,2026-01-23,2024
MAT-30812,Background Material,CID-0537,1299.18,,2024-01-10,2024
MAT-30813,Background Material,CID-0538,1319.37,confirmed 2025 review,2025-12-06,2024
MAT-30814,Background Material,CID-0539,2917.68,,2024-06-28,2024
MAT-30815,Background Material,CID-0540,3765.42,confirmed 2025 review,2026-08-22,2024
MAT-30816,Background Material,CID-0541,2609.3,,2026-08-22,2025
MAT-30817,Background Material,CID-0542,4881.77,legacy mapping,2026-08-08,2024
MAT-30818,Background Material,CID-0543,1319.8,legacy mapping,2026-02-12,2026
MAT-30819,Background Material,CID-0544,4177.87,,2026-11-24,2024
MAT-30820,Background Material,CID-0545,3475.13,,2025-01-07,2024
MAT-30821,Background Material,CID-0546,3352.82,confirmed 2025 review,2025-04-16,2024
MAT-30822,Background Material,CID-0547,1702.91,legacy mapping,2025-12-15,2026
MAT-30823,Background Material,CID-0548,770.84,,2024-04-12,2025
MAT-30824,Background Material,CID-0549,4875.35,,2025-04-03,2025
MAT-30825,Background Material,CID-0550,2116.05,legacy mapping,2026-11-04,2024
MAT-30826,Background Material,CID-0551,2305.31,,2026-02-08,2024
MAT-30827,Background Material,CID-0552,4470.6,,2025-01-16,2026
MAT-30828,Background Material,CID-0553,2654.9,legacy mapping,2025-02-18,2024
MAT-30829,Background Material,CID-0554,1772.78,,2024-07-17,2025
MAT-30830,Background Material,CID-0500,2540.13,,2025-05-12,2024
MAT-30831,Background Material,CID-0501,246.62,confirmed 2025 review,2026-07-07,2025
MAT-30832,Background Material,CID-0502,948.06,,2026-05-17,2026
MAT-30833,Background Material,CID-0503,2468.59,confirmed 2025 review,2024-11-02,2026
MAT-30834,Background Material,CID-0504,1245.47,,2024-02-02,2024
MAT-30835,Background Material,CID-0505,2876.58,,2024-09-04,2025
MAT-30836,Background Material,CID-0506,1133.1,confirmed 2025 review,2025-07-04,2024
MAT-30837,Background Material,CID-0507,3669.89,legacy mapping,2025-04-06,2024
MAT-30838,Background Material,CID-0508,1738.82,legacy mapping,2026-10-10,2026
MAT-30839,Background Material,CID-0509,16.53,,2026-12-20,2025
MAT-30840,Background Material,CID-0510,3695.71,,2024-06-22,2024
MAT-30841,Background Material,CID-0511,834.06,legacy mapping,2025-03-01,2026
MAT-30842,Background Material,CID-0512,2373.53,legacy mapping,2024-03-09,2024
MAT-30843,Background Material,CID-0513,854.45,,2026-06-16,2026
MAT-30844,Background Material,CID-0514,6.03,,2025-02-02,2024
MAT-30845,Background Material,CID-0515,2836.77,legacy mapping,2024-09-17,2024
MAT-30846,Background Material,CID-0516,3775.21,,2024-05-26,2026
MAT-30847,Background Material,CID-0517,1679.05,confirmed 2025 review,2026-06-18,2025
MAT-30848,Background Material,CID-0518,3317.38,legacy mapping,2025-08-01,2025
MAT-30849,Background Material,CID-0519,1506.37,legacy mapping,2026-11-28,2026
MAT-30850,Background Material,CID-0520,2422.29,legacy mapping,2026-09-24,2026
MAT-30851,Background Material,CID-0521,104.62,confirmed 2025 review,2024-11-05,2025
MAT-30852,Background Material,CID-0522,2489.66,,2026-12-23,2025
MAT-30853,Background Material,CID-0523,1797.74,,2024-07-21,2024
MAT-30854,Background Material,CID-0524,4827.3,confirmed 2025 review,2026-03-09,2026
MAT-30855,Background Material,CID-0525,1744.88,legacy mapping,2025-10-14,2025
MAT-30856,Background Material,CID-0526,1547.31,,2026-09-23,2025
MAT-30857,Background Material,CID-0527,4171.02,,2025-08-19,2025
MAT-30858,Background Material,CID-0528,1442.75,,2025-11-05,2025
MAT-30859,Background Material,CID-0529,3404.93,legacy mapping,2026-09-22,2024
MAT-30860,Background Material,CID-0530,1518.92,legacy mapping,2024-05-01,2025
MAT-30861,Background Material,CID-0531,205.72,legacy mapping,2026-02-02,2025
MAT-30862,Background Material,CID-0532,1529.8,confirmed 2025 review,2025-11-27,2024
MAT-30863,Background Material,CID-0533,250.46,,2025-05-26,2026
MAT-30864,Background Material,CID-0534,3326.96,,2024-12-09,2024
MAT-30865,Background Material,CID-0535,4979.58,,2025-10-03,2025
MAT-30866,Background Material,CID-0536,1095.07,confirmed 2025 review,2025-04-26,2026
MAT-30867,Background Material,CID-0537,3185.59,confirmed 2025 review,2025-02-09,2025
MAT-30868,Background Material,CID-0538,2985.6,,2026-07-22,2025
MAT-30869,Background Material,CID-0539,4022.1,,2026-04-09,2024
MAT-30870,Background Material,CID-0540,2082.15,,2025-05-03,2025
MAT-30871,Background Material,CID-0541,2833.76,confirmed 2025 review,2026-03-13,2025
MAT-30872,Background Material,CID-0542,481.12,confirmed 2025 review,2026-06-17,2026
MAT-30873,Background Material,CID-0543,3563.28,confirmed 2025 review,2025-07-15,2025
MAT-30874,Background Material,CID-0544,4807.27,confirmed 2025 review,2024-09-01,2025
MAT-30875,Background Material,CID-0545,443.06,,2026-05-26,2024
MAT-30876,Background Material,CID-0546,2902.03,legacy mapping,2024-10-18,2026
MAT-30877,Background Material,CID-0547,4389.15,,2025-03-13,2026
MAT-30878,Background Material,CID-0548,30.76,confirmed 2025 review,2024-02-02,2025
MAT-30879,Background Material,CID-0549,4149.64,,2025-10-04,2025
MAT-30880,Background Material,CID-0550,2827.65,legacy mapping,2024-02-24,2026
MAT-30881,Background Material,CID-0551,3372.39,,2026-04-17,2024
MAT-30882,Background Material,CID-0552,2810.68,confirmed 2025 review,2024-04-22,2026
MAT-30883,Background Material,CID-0553,4261.43,legacy mapping,2026-05-24,2024
MAT-30884,Background Material,CID-0554,4028.28,,2024-02-01,2024
MAT-30885,Background Material,CID-0500,3019.35,,2026-02-08,2024
MAT-30886,Background Material,CID-0501,518.93,,2026-08-13,2024
MAT-30887,Background Material,CID-0502,4630.3,legacy mapping,2025-08-06,2024
MAT-30888,Background Material,CID-0503,4208.76,legacy mapping,2026-11-15,2026
MAT-30889,Background Material,CID-0504,3086.18,confirmed 2025 review,2024-11-01,2024
MAT-30890,Background Material,CID-0505,709.29,,2024-09-24,2026
MAT-30891,Background Material,CID-0506,2733.86,confirmed 2025 review,2025-05-10,2026
MAT-30892,Background Material,CID-0507,501.0,confirmed 2025 review,2025-11-09,2025
MAT-30893,Background Material,CID-0508,1929.72,,2025-07-27,2025
MAT-30894,Background Material,CID-0509,741.68,legacy mapping,2025-02-19,2025
MAT-30895,Background Material,CID-0510,56.09,legacy mapping,2024-11-21,2026
MAT-30896,Background Material,CID-0511,3099.76,,2025-03-15,2026
MAT-30897,Background Material,CID-0512,2292.29,,2024-06-17,2026
MAT-30898,Background Material,CID-0513,1054.69,confirmed 2025 review,2026-02-06,2026
MAT-30899,Background Material,CID-0514,757.86,legacy mapping,2025-12-28,2024
MAT-30900,Background Material,CID-0515,1392.42,legacy mapping,2025-02-27,2026
MAT-30901,Background Material,CID-0516,2419.24,confirmed 2025 review,2026-11-06,2026
MAT-30902,Background Material,CID-0517,3542.79,legacy mapping,2024-12-11,2026
MAT-30903,Background Material,CID-0518,4776.02,legacy mapping,2026-10-27,2025
MAT-30904,Background Material,CID-0519,338.78,,2026-03-08,2024
MAT-30905,Background Material,CID-0520,3326.64,confirmed 2025 review,2026-08-11,2024
MAT-30906,Background Material,CID-0521,4906.66,,2024-03-24,2025
MAT-30907,Background Material,CID-0522,3779.31,confirmed 2025 review,2024-01-20,2025
MAT-30908,Background Material,CID-0523,573.25,,2025-06-20,2026
MAT-30909,Background Material,CID-0524,4203.56,,2025-02-23,2025
MAT-30910,Background Material,CID-0525,1888.77,,2024-05-16,2025
MAT-30911,Background Material,CID-0526,3394.57,,2024-12-06,2025
MAT-30912,Background Material,CID-0527,4069.37,,2024-10-01,2026
MAT-30913,Background Material,CID-0528,4799.2,,2024-01-26,2024
MAT-30914,Background Material,CID-0529,4466.56,legacy mapping,2025-10-18,2024
MAT-30915,Background Material,CID-0530,1704.22,confirmed 2025 review,2024-04-19,2025
MAT-30916,Background Material,CID-0531,2504.75,legacy mapping,2026-09-28,2024
MAT-30917,Background Material,CID-0532,4008.18,confirmed 2025 review,2025-11-13,2024
MAT-30918,Background Material,CID-0533,2846.19,,2026-05-04,2024
MAT-30919,Background Material,CID-0534,2494.06,,2026-09-11,2024
MAT-30920,Background Material,CID-0535,1120.88,legacy mapping,2025-07-23,2025
MAT-30921,Background Material,CID-0536,340.7,,2025-02-18,2026
MAT-30922,Background Material,CID-0537,1207.75,legacy mapping,2025-10-02,2026
MAT-30923,Background Material,CID-0538,3487.89,,2026-08-09,2026
MAT-30924,Background Material,CID-0539,150.86,legacy mapping,2025-05-07,2025
MAT-30925,Background Material,CID-0540,4440.25,,2024-04-18,2026
MAT-30926,Background Material,CID-0541,1648.72,,2024-08-03,2026
MAT-30927,Background Material,CID-0542,4521.72,,2025-02-14,2026
MAT-30928,Background Material,CID-0543,3696.71,,2026-08-05,2025
MAT-30929,Background Material,CID-0544,3616.93,,2024-08-17,2024
MAT-30930,Background Material,CID-0545,3252.03,confirmed 2025 review,2025-05-26,2024
MAT-30931,Background Material,CID-0546,108.19,,2024-04-18,2026
MAT-30932,Background Material,CID-0547,4301.61,,2026-08-02,2025
MAT-30933,Background Material,CID-0548,3828.64,,2025-12-14,2026
MAT-30934,Background Material,CID-0549,689.71,confirmed 2025 review,2024-10-12,2025
MAT-30935,Background Material,CID-0550,969.03,confirmed 2025 review,2024-04-08,2024
MAT-30936,Background Material,CID-0551,2943.5,,2025-12-25,2026
MAT-30937,Background Material,CID-0552,2840.68,,2026-04-27,2024
MAT-30938,Background Material,CID-0553,383.98,,2025-03-10,2024
MAT-30939,Background Material,CID-0554,1571.32,,2025-03-20,2025
MAT-30940,Background Material,CID-0500,2394.03,,2026-02-03,2025
MAT-30941,Background Material,CID-0501,4691.91,,2025-12-24,2025
MAT-30942,Background Material,CID-0502,4488.3,,2025-12-10,2025
MAT-30943,Background Material,CID-0503,3901.26,legacy mapping,2026-04-17,2025
MAT-30944,Background Material,CID-0504,1594.98,,2024-06-14,2026
MAT-30945,Background Material,CID-0505,4752.87,confirmed 2025 review,2025-02-07,2024
MAT-30946,Background Material,CID-0506,4207.29,,2025-12-18,2024
MAT-30947,Background Material,CID-0507,614.62,,2024-04-23,2025
MAT-30948,Background Material,CID-0508,3249.89,confirmed 2025 review,2024-01-16,2024
MAT-30949,Background Material,CID-0509,1352.22,confirmed 2025 review,2025-02-02,2025
MAT-30950,Background Material,CID-0510,4273.02,confirmed 2025 review,2025-01-28,2025
MAT-30951,Background Material,CID-0511,1923.93,,2024-04-13,2024
MAT-30952,Background Material,CID-0512,3299.97,,2026-05-02,2026
MAT-30953,Background Material,CID-0513,3815.22,,2026-06-27,2025
MAT-30954,Background Material,CID-0514,4051.41,,2024-06-24,2026
MAT-30955,Background Material,CID-0515,2170.95,confirmed 2025 review,2026-12-25,2024
MAT-30956,Background Material,CID-0516,4037.18,confirmed 2025 review,2026-11-10,2026
MAT-30957,Background Material,CID-0517,2318.05,legacy mapping,2024-07-15,2026
MAT-30958,Background Material,CID-0518,4963.07,,2024-01-09,2026
MAT-30959,Background Material,CID-0519,4754.89,,2024-09-10,2025
MAT-30960,Background Material,CID-0520,2855.84,,2026-05-12,2025
MAT-30961,Background Material,CID-0521,3296.49,,2024-05-19,2026
MAT-30962,Background Material,CID-0522,1605.63,legacy mapping,2024-08-15,2024
MAT-30963,Background Material,CID-0523,2200.11,confirmed 2025 review,2024-06-16,2026
MAT-30964,Background Material,CID-0524,4221.78,,2025-01-19,2024
MAT-30965,Background Material,CID-0525,1382.95,legacy mapping,2024-08-06,2025
MAT-30966,Background Material,CID-0526,3830.12,legacy mapping,2025-08-05,2024
MAT-30967,Background Material,CID-0527,3152.06,,2026-11-02,2024
MAT-30968,Background Material,CID-0528,573.12,,2024-11-17,2025
MAT-30969,Background Material,CID-0529,2899.87,,2026-12-08,2024
MAT-30970,Background Material,CID-0530,4758.57,legacy mapping,2025-01-22,2025
MAT-30971,Background Material,CID-0531,2702.67,,2026-04-12,2024
MAT-30972,Background Material,CID-0532,388.32,confirmed 2025 review,2024-09-03,2024
MAT-30973,Background Material,CID-0533,1021.01,legacy mapping,2026-07-03,2026
MAT-30974,Background Material,CID-0534,2132.95,legacy mapping,2024-01-11,2026
MAT-30975,Background Material,CID-0535,3941.03,legacy mapping,2025-11-12,2025
MAT-30976,Background Material,CID-0536,4712.46,legacy mapping,2026-01-06,2025
MAT-30977,Background Material,CID-0537,224.01,,2026-01-04,2026
MAT-30978,Background Material,CID-0538,1058.19,legacy mapping,2026-12-25,2026
MAT-30979,Background Material,CID-0539,2541.4,legacy mapping,2024-07-27,2026
MAT-30980,Background Material,CID-0540,163.97,,2025-11-03,2024
MAT-30981,Background Material,CID-0541,4793.17,,2026-09-19,2026
MAT-30982,Background Material,CID-0542,2741.62,confirmed 2025 review,2026-12-04,2026
MAT-30983,Background Material,CID-0543,3991.23,confirmed 2025 review,2026-09-17,2025
MAT-30984,Background Material,CID-0544,1585.38,,2026-05-08,2025
MAT-30985,Background Material,CID-0545,1216.12,legacy mapping,2024-08-11,2026
MAT-30986,Background Material,CID-0546,4862.01,,2025-12-14,2025
MAT-30987,Background Material,CID-0547,399.37,,2025-11-16,2026
MAT-30988,Background Material,CID-0548,1152.52,confirmed 2025 review,2024-10-27,2024
MAT-30989,Background Material,CID-0549,4628.66,,2025-11-19,2026
MAT-30990,Background Material,CID-0550,691.56,legacy mapping,2025-06-11,2024
MAT-30991,Background Material,CID-0551,408.45,confirmed 2025 review,2026-03-19,2025
MAT-30992,Background Material,CID-0552,3163.52,,2024-08-01,2024
MAT-30993,Background Material,CID-0553,604.82,legacy mapping,2026-12-16,2026
MAT-30994,Background Material,CID-0554,505.88,,2025-01-23,2024
MAT-30995,Background Material,CID-0500,4949.68,,2026-09-13,2025
MAT-30996,Background Material,CID-0501,1772.48,confirmed 2025 review,2026-09-08,2026
MAT-30997,Background Material,CID-0502,1467.67,legacy mapping,2025-10-20,2026
MAT-30998,Background Material,CID-0503,539.75,,2024-12-12,2025
MAT-30999,Background Material,CID-0504,4553.46,confirmed 2025 review,2026-07-10,2025
MAT-31000,Background Material,CID-0505,3500.87,,2026-10-27,2026
MAT-31001,Background Material,CID-0506,419.86,,2026-10-12,2026
MAT-31002,Background Material,CID-0507,3247.37,confirmed 2025 review,2025-08-06,2026
MAT-31003,Background Material,CID-0508,3612.94,legacy mapping,2024-04-10,2025
MAT-31004,Background Material,CID-0509,1706.24,confirmed 2025 review,2025-06-13,2025
MAT-31005,Background Material,CID-0510,3786.74,,2024-12-24,2024
MAT-31006,Background Material,CID-0511,2153.26,legacy mapping,2026-10-11,2024
MAT-31007,Background Material,CID-0512,1737.38,,2024-05-09,2025
MAT-31008,Background Material,CID-0513,2195.14,,2025-05-20,2024
MAT-31009,Background Material,CID-0514,4622.65,legacy mapping,2024-02-07,2026
MAT-31010,Background Material,CID-0515,4194.11,,2024-10-02,2026
MAT-31011,Background Material,CID-0516,2690.04,,2024-08-27,2024
MAT-31012,Background Material,CID-0517,1848.33,legacy mapping,2026-07-24,2025
MAT-31013,Background Material,CID-0518,2604.95,confirmed 2025 review,2025-02-23,2026
MAT-31014,Background Material,CID-0519,4596.0,,2025-07-16,2025
MAT-31015,Background Material,CID-0520,435.23,,2025-12-22,2024
MAT-31016,Background Material,CID-0521,4842.23,,2026-04-24,2024
MAT-31017,Background Material,CID-0522,1636.25,legacy mapping,2025-08-21,2026
MAT-31018,Background Material,CID-0523,2564.71,,2026-12-11,2024
MAT-31019,Background Material,CID-0524,2167.45,legacy mapping,2024-09-22,2026
MAT-31020,Background Material,CID-0525,179.15,,2024-03-19,2025
MAT-31021,Background Material,CID-0526,4360.7,,2026-04-09,2025
MAT-31022,Background Material,CID-0527,758.01,,2026-08-10,2024
MAT-31023,Background Material,CID-0528,993.67,,2026-12-24,2024
MAT-31024,Background Material,CID-0529,16.99,,2025-09-20,2024
MAT-31025,Background Material,CID-0530,3550.24,,2025-12-09,2026
MAT-31026,Background Material,CID-0531,1902.07,,2026-06-16,2026
MAT-31027,Background Material,CID-0532,3285.05,,2025-04-10,2026
MAT-31028,Background Material,CID-0533,2425.81,confirmed 2025 review,2026-06-18,2025
MAT-31029,Background Material,CID-0534,1477.79,,2024-05-14,2025
MAT-31030,Background Material,CID-0535,1627.66,confirmed 2025 review,2024-03-15,2025
MAT-31031,Background Material,CID-0536,3303.4,legacy mapping,2026-07-23,2024
MAT-31032,Background Material,CID-0537,3868.64,confirmed 2025 review,2025-10-14,2026
MAT-31033,Background Material,CID-0538,1175.07,legacy mapping,2025-09-07,2025
MAT-31034,Background Material,CID-0539,304.96,legacy mapping,2025-11-11,2025
MAT-31035,Background Material,CID-0540,1957.5,confirmed 2025 review,2025-07-09,2024
MAT-31036,Background Material,CID-0541,1342.32,,2025-11-27,2024
MAT-31037,Background Material,CID-0542,1543.24,confirmed 2025 review,2024-10-06,2026
MAT-31038,Background Material,CID-0543,1031.8,,2026-10-11,2024
MAT-31039,Background Material,CID-0544,3025.2,,2026-01-26,2025
MAT-31040,Background Material,CID-0545,452.17,legacy mapping,2025-09-03,2026
MAT-31041,Background Material,CID-0546,247.03,,2025-09-07,2024
MAT-31042,Background Material,CID-0547,4190.91,confirmed 2025 review,2026-04-10,2024
MAT-31043,Background Material,CID-0548,4553.36,legacy mapping,2025-04-18,2026
MAT-31044,Background Material,CID-0549,1244.27,,2024-01-25,2026
MAT-31045,Background Material,CID-0550,513.5,confirmed 2025 review,2025-01-06,2025
MAT-31046,Background Material,CID-0551,1508.03,,2026-12-08,2024
MAT-31047,Background Material,CID-0552,1363.02,,2025-11-13,2024
MAT-31048,Background Material,CID-0553,4091.66,legacy mapping,2024-02-03,2026
MAT-31049,Background Material,CID-0554,3610.84,confirmed 2025 review,2024-01-24,2026
MAT-31050,Background Material,CID-0500,3024.75,,2024-12-19,2025
MAT-31051,Background Material,CID-0501,972.23,legacy mapping,2025-07-17,2026
MAT-31052,Background Material,CID-0502,118.14,legacy mapping,2025-04-04,2025
MAT-31053,Background Material,CID-0503,4846.34,confirmed 2025 review,2025-05-14,2024
MAT-31054,Background Material,CID-0504,1112.04,confirmed 2025 review,2026-05-16,2025
MAT-31055,Background Material,CID-0505,4538.42,,2025-01-16,2026
MAT-31056,Background Material,CID-0506,1968.83,legacy mapping,2026-12-04,2025
MAT-31057,Background Material,CID-0507,1121.08,,2025-04-15,2025
MAT-31058,Background Material,CID-0508,2384.55,,2026-05-11,2024
MAT-31059,Background Material,CID-0509,4048.59,,2024-09-06,2024
MAT-31060,Background Material,CID-0510,4324.27,confirmed 2025 review,2026-04-03,2024
MAT-31061,Background Material,CID-0511,2016.57,confirmed 2025 review,2026-12-27,2026
MAT-31062,Background Material,CID-0512,3803.15,,2025-05-14,2025
MAT-31063,Background Material,CID-0513,3702.82,,2024-06-23,2026
MAT-31064,Background Material,CID-0514,2994.05,,2025-12-07,2026
MAT-31065,Background Material,CID-0515,3973.68,confirmed 2025 review,2025-11-08,2025
MAT-31066,Background Material,CID-0516,2307.4,confirmed 2025 review,2026-09-28,2026
MAT-31067,Background Material,CID-0517,4963.78,,2024-07-23,2024
MAT-31068,Background Material,CID-0518,1879.05,,2024-09-24,2024
MAT-31069,Background Material,CID-0519,831.82,confirmed 2025 review,2024-01-14,2025
MAT-31070,Background Material,CID-0520,854.44,confirmed 2025 review,2024-12-28,2026
MAT-31071,Background Material,CID-0521,2091.32,,2025-02-14,2025
MAT-31072,Background Material,CID-0522,3600.0,legacy mapping,2026-06-20,2025
MAT-31073,Background Material,CID-0523,2819.49,,2024-05-17,2026
MAT-31074,Background Material,CID-0524,1023.1,legacy mapping,2026-10-09,2025
MAT-31075,Background Material,CID-0525,2314.94,legacy mapping,2026-12-28,2024
MAT-31076,Background Material,CID-0526,822.03,confirmed 2025 review,2024-06-14,2024
MAT-31077,Background Material,CID-0527,752.6,,2024-05-23,2024
MAT-31078,Background Material,CID-0528,997.14,,2026-08-11,2024
MAT-31079,Background Material,CID-0529,306.48,confirmed 2025 review,2026-03-03,2025
MAT-31080,Background Material,CID-0530,3182.08,,2025-11-01,2024
MAT-31081,Background Material,CID-0531,1373.63,confirmed 2025 review,2026-12-10,2025
MAT-31082,Background Material,CID-0532,3122.88,confirmed 2025 review,2025-09-18,2026
MAT-31083,Background Material,CID-0533,3297.18,,2026-03-04,2026
MAT-31084,Background Material,CID-0534,1082.99,,2025-10-04,2024
MAT-31085,Background Material,CID-0535,3984.63,confirmed 2025 review,2025-10-25,2026
MAT-31086,Background Material,CID-0536,3024.27,confirmed 2025 review,2024-03-01,2024
MAT-31087,Background Material,CID-0537,4945.45,,2026-03-05,2024
MAT-31088,Background Material,CID-0538,2377.84,,2025-02-02,2024
MAT-31089,Background Material,CID-0539,2559.01,confirmed 2025 review,2025-11-16,2025
MAT-31090,Background Material,CID-0540,1513.49,,2024-09-13,2025
MAT-31091,Background Material,CID-0541,3869.82,confirmed 2025 review,2025-05-27,2026
MAT-31092,Background Material,CID-0542,1585.54,,2026-04-06,2026
MAT-31093,Background Material,CID-0543,4168.19,,2025-09-15,2025
MAT-31094,Background Material,CID-0544,3475.8,legacy mapping,2026-02-18,2025
MAT-31095,Background Material,CID-0545,3260.81,,2024-06-28,2025
MAT-31096,Background Material,CID-0546,3853.95,legacy mapping,2026-07-07,2026
MAT-31097,Background Material,CID-0547,2799.41,,2025-06-06,2026
MAT-31098,Background Material,CID-0548,4977.2,,2025-06-17,2024
MAT-31099,Background Material,CID-0549,29.07,legacy mapping,2025-02-12,2025
MAT-31100,Background Material,CID-0550,2514.46,,2026-05-02,2026
MAT-31101,Background Material,CID-0551,1375.48,confirmed 2025 review,2025-01-23,2026
MAT-31102,Background Material,CID-0552,1265.94,,2026-01-28,2026
MAT-31103,Background Material,CID-0553,4637.95,confirmed 2025 review,2025-03-16,2026
MAT-31104,Background Material,CID-0554,4374.81,,2024-06-01,2026
MAT-31105,Background Material,CID-0500,4471.43,,2026-12-06,2024
MAT-31106,Background Material,CID-0501,415.04,,2024-08-21,2026
MAT-31107,Background Material,CID-0502,312.57,,2026-05-28,2024
MAT-31108,Background Material,CID-0503,3275.87,,2025-11-28,2025
MAT-31109,Background Material,CID-0504,4488.78,,2026-12-12,2026
MAT-31110,Background Material,CID-0505,71.84,confirmed 2025 review,2025-11-22,2024
MAT-31111,Background Material,CID-0506,325.71,,2026-05-03,2024
MAT-31112,Background Material,CID-0507,2217.55,legacy mapping,2026-04-23,2026
MAT-31113,Background Material,CID-0508,2046.85,,2025-05-18,2025
MAT-31114,Background Material,CID-0509,589.46,confirmed 2025 review,2026-12-03,2026
MAT-31115,Background Material,CID-0510,4651.43,,2024-02-06,2026
MAT-31116,Background Material,CID-0511,433.0,legacy mapping,2026-11-01,2024
MAT-31117,Background Material,CID-0512,3943.89,,2026-06-15,2024
MAT-31118,Background Material,CID-0513,4386.11,,2025-11-21,2024
MAT-31119,Background Material,CID-0514,3737.29,,2025-01-13,2026
MAT-31120,Background Material,CID-0515,1436.1,legacy mapping,2024-10-11,2025
MAT-31121,Background Material,CID-0516,1130.58,,2025-04-06,2025
MAT-31122,Background Material,CID-0517,1297.51,confirmed 2025 review,2025-02-16,2025
MAT-31123,Background Material,CID-0518,2893.9,legacy mapping,2026-09-15,2026
MAT-31124,Background Material,CID-0519,3435.51,,2024-10-13,2024
MAT-31125,Background Material,CID-0520,2690.21,,2026-07-12,2026
MAT-31126,Background Material,CID-0521,4054.73,legacy mapping,2024-06-23,2026
MAT-31127,Background Material,CID-0522,2758.5,legacy mapping,2024-09-25,2024
MAT-31128,Background Material,CID-0523,1291.81,confirmed 2025 review,2025-01-04,2026
MAT-31129,Background Material,CID-0524,3292.0,,2025-03-15,2026
MAT-31130,Background Material,CID-0525,1615.63,confirmed 2025 review,2026-10-02,2025
MAT-31131,Background Material,CID-0526,3506.74,legacy mapping,2024-03-14,2025
MAT-31132,Background Material,CID-0527,1674.23,,2024-06-10,2024
MAT-31133,Background Material,CID-0528,2334.74,,2024-08-26,2026
MAT-31134,Background Material,CID-0529,2282.77,confirmed 2025 review,2026-07-16,2024
MAT-31135,Background Material,CID-0530,1263.62,legacy mapping,2026-06-16,2026
MAT-31136,Background Material,CID-0531,2006.36,,2024-09-04,2025
MAT-31137,Background Material,CID-0532,2130.05,legacy mapping,2026-07-19,2024
MAT-31138,Background Material,CID-0533,820.97,,2025-10-23,2026
MAT-31139,Background Material,CID-0534,993.11,,2024-11-11,2024
MAT-31140,Background Material,CID-0535,4851.66,legacy mapping,2024-06-15,2025
MAT-31141,Background Material,CID-0536,827.55,,2026-03-07,2024
MAT-31142,Background Material,CID-0537,1507.11,,2024-04-28,2024
MAT-31143,Background Material,CID-0538,2183.31,,2024-11-18,2025
MAT-31144,Background Material,CID-0539,25.72,,2025-02-16,2026
MAT-31145,Background Material,CID-0540,3434.25,,2025-11-13,2025
MAT-31146,Background Material,CID-0541,3531.41,,2025-03-11,2024
MAT-31147,Background Material,CID-0542,2000.02,legacy mapping,2025-11-24,2025
MAT-31148,Background Material,CID-0543,2985.1,,2025-08-22,2026
MAT-31149,Background Material,CID-0544,4851.16,,2024-10-06,2024
MAT-31150,Background Material,CID-0545,1846.29,legacy mapping,2026-01-20,2026
MAT-31151,Background Material,CID-0546,3758.67,,2026-04-05,2025
MAT-31152,Background Material,CID-0547,940.66,,2025-07-03,2025
MAT-31153,Background Material,CID-0548,1920.95,,2025-03-10,2025
MAT-31154,Background Material,CID-0549,1934.69,confirmed 2025 review,2024-05-14,2024
MAT-31155,Background Material,CID-0550,818.55,,2025-02-12,2026
MAT-31156,Background Material,CID-0551,3663.62,confirmed 2025 review,2024-03-11,2024
MAT-31157,Background Material,CID-0552,2873.84,confirmed 2025 review,2026-08-01,2025
MAT-31158,Background Material,CID-0553,3269.43,confirmed 2025 review,2025-01-10,2025
MAT-31159,Background Material,CID-0554,1293.99,,2026-08-17,2025
MAT-31160,Background Material,CID-0500,3905.24,legacy mapping,2026-06-04,2024
MAT-31161,Background Material,CID-0501,4903.69,confirmed 2025 review,2026-02-05,2024
MAT-31162,Background Material,CID-0502,1686.24,legacy mapping,2024-09-27,2026
MAT-31163,Background Material,CID-0503,3638.42,confirmed 2025 review,2025-01-15,2025
MAT-31164,Background Material,CID-0504,200.18,confirmed 2025 review,2025-06-02,2026
MAT-31165,Background Material,CID-0505,3432.25,legacy mapping,2025-06-22,2025
MAT-31166,Background Material,CID-0506,3834.4,,2026-05-06,2025
MAT-31167,Background Material,CID-0507,1785.07,,2025-06-10,2026
MAT-31168,Background Material,CID-0508,179.04,,2025-12-02,2026
MAT-31169,Background Material,CID-0509,3693.66,,2024-02-18,2024
MAT-31170,Background Material,CID-0510,631.15,,2026-08-14,2025
MAT-31171,Background Material,CID-0511,1727.59,confirmed 2025 review,2026-10-08,2026
MAT-31172,Background Material,CID-0512,4102.61,confirmed 2025 review,2024-02-11,2025
MAT-31173,Background Material,CID-0513,192.4,,2025-09-24,2024
MAT-31174,Background Material,CID-0514,1689.53,legacy mapping,2025-07-01,2024
MAT-31175,Background Material,CID-0515,4751.84,legacy mapping,2026-11-24,2024
MAT-31176,Background Material,CID-0516,4184.43,confirmed 2025 review,2024-04-19,2025
MAT-31177,Background Material,CID-0517,4974.6,,2026-01-12,2026
MAT-31178,Background Material,CID-0518,2365.12,confirmed 2025 review,2025-12-23,2024
MAT-31179,Background Material,CID-0519,1384.99,,2026-07-06,2026
MAT-31180,Background Material,CID-0520,1425.28,,2025-04-01,2025
MAT-31181,Background Material,CID-0521,3286.41,legacy mapping,2025-08-20,2026
MAT-31182,Background Material,CID-0522,1591.48,,2024-01-23,2025
MAT-31183,Background Material,CID-0523,1106.07,legacy mapping,2026-12-20,2025
MAT-31184,Background Material,CID-0524,2939.98,legacy mapping,2026-07-16,2026
MAT-31185,Background Material,CID-0525,63.82,legacy mapping,2025-06-27,2025
MAT-31186,Background Material,CID-0526,759.74,confirmed 2025 review,2024-09-23,2024
MAT-31187,Background Material,CID-0527,3365.26,legacy mapping,2025-01-22,2026
MAT-31188,Background Material,CID-0528,4838.65,confirmed 2025 review,2026-06-03,2024
MAT-31189,Background Material,CID-0529,3740.31,legacy mapping,2025-05-25,2025
MAT-31190,Background Material,CID-0530,2258.04,confirmed 2025 review,2024-03-20,2026
MAT-31191,Background Material,CID-0531,834.5,legacy mapping,2026-07-14,2024
MAT-31192,Background Material,CID-0532,3757.19,legacy mapping,2026-12-16,2024
MAT-31193,Background Material,CID-0533,1877.05,,2025-10-28,2024
MAT-31194,Background Material,CID-0534,485.8,,2024-02-19,2025
MAT-31195,Background Material,CID-0535,893.93,,2026-07-18,2025
MAT-31196,Background Material,CID-0536,1760.77,,2025-10-09,2025
MAT-31197,Background Material,CID-0537,3852.73,,2026-11-21,2026
MAT-31198,Background Material,CID-0538,1589.56,confirmed 2025 review,2024-07-16,2025
MAT-31199,Background Material,CID-0539,1432.13,confirmed 2025 review,2024-03-13,2025
MAT-31200,Background Material,CID-0540,17.68,legacy mapping,2025-11-06,2026
MAT-31201,Background Material,CID-0541,4536.5,confirmed 2025 review,2026-11-14,2025
MAT-31202,Background Material,CID-0542,2052.06,,2026-04-05,2026
MAT-31203,Background Material,CID-0543,3099.98,,2026-10-24,2025
MAT-31204,Background Material,CID-0544,4727.5,legacy mapping,2026-04-06,2026
MAT-31205,Background Material,CID-0545,3127.85,,2025-01-24,2026
MAT-31206,Background Material,CID-0546,4417.68,confirmed 2025 review,2026-09-28,2024
MAT-31207,Background Material,CID-0547,4251.69,,2025-06-24,2024
MAT-31208,Background Material,CID-0548,876.88,,2025-03-10,2024
MAT-31209,Background Material,CID-0549,4472.33,,2026-08-15,2024
MAT-31210,Background Material,CID-0550,3418.67,confirmed 2025 review,2024-03-15,2026
MAT-31211,Background Material,CID-0551,3207.25,legacy mapping,2024-04-15,2026
MAT-31212,Background Material,CID-0552,4812.41,,2026-01-22,2026
MAT-31213,Background Material,CID-0553,2032.33,confirmed 2025 review,2025-02-26,2025
MAT-31214,Background Material,CID-0554,4787.92,,2026-10-21,2026
MAT-31215,Background Material,CID-0500,3574.11,confirmed 2025 review,2025-12-02,2025
MAT-31216,Background Material,CID-0501,4058.5,,2025-07-23,2026
MAT-31217,Background Material,CID-0502,3146.71,confirmed 2025 review,2025-02-04,2024
MAT-31218,Background Material,CID-0503,4235.5,,2026-03-12,2025
MAT-31219,Background Material,CID-0504,3283.03,,2024-08-07,2025
MAT-31220,Background Material,CID-0505,486.53,,2025-12-16,2024
MAT-31221,Background Material,CID-0506,3785.15,legacy mapping,2025-12-15,2025
MAT-31222,Background Material,CID-0507,3937.08,legacy mapping,2026-05-20,2024
MAT-31223,Background Material,CID-0508,3806.85,,2026-05-01,2024
MAT-31224,Background Material,CID-0509,4400.97,legacy mapping,2026-05-10,2026
MAT-31225,Background Material,CID-0510,792.35,legacy mapping,2025-12-15,2026
MAT-31226,Background Material,CID-0511,1475.1,,2024-10-10,2025
MAT-31227,Background Material,CID-0512,1287.27,,2024-04-19,2025
MAT-31228,Background Material,CID-0513,742.67,,2025-06-24,2026
MAT-31229,Background Material,CID-0514,3727.54,confirmed 2025 review,2025-10-06,2025
MAT-31230,Background Material,CID-0515,3219.61,legacy mapping,2026-06-13,2025
MAT-31231,Background Material,CID-0516,3242.23,confirmed 2025 review,2024-08-13,2024
MAT-31232,Background Material,CID-0517,3344.06,,2025-04-10,2024
MAT-31233,Background Material,CID-0518,1122.33,legacy mapping,2026-12-26,2024
MAT-31234,Background Material,CID-0519,3250.33,legacy mapping,2025-08-19,2026
MAT-31235,Background Material,CID-0520,4531.6,,2026-04-12,2026
MAT-31236,Background Material,CID-0521,165.17,,2025-09-03,2025
MAT-31237,Background Material,CID-0522,2766.87,,2024-08-19,2026
MAT-31238,Background Material,CID-0523,1240.61,legacy mapping,2026-03-23,2026
MAT-31239,Background Material,CID-0524,4287.76,,2026-12-15,2024
MAT-31240,Background Material,CID-0525,202.12,legacy mapping,2026-05-03,2026
MAT-31241,Background Material,CID-0526,950.88,,2024-09-10,2024
MAT-31242,Background Material,CID-0527,1039.45,,2026-10-16,2025
MAT-31243,Background Material,CID-0528,492.25,,2025-11-03,2024
MAT-31244,Background Material,CID-0529,2392.02,confirmed 2025 review,2024-08-07,2024
MAT-31245,Background Material,CID-0530,2712.3,,2026-08-10,2026
MAT-31246,Background Material,CID-0531,49.0,confirmed 2025 review,2024-12-15,2026
MAT-31247,Background Material,CID-0532,974.8,confirmed 2025 review,2024-05-25,2025
MAT-31248,Background Material,CID-0533,3007.17,confirmed 2025 review,2026-03-11,2026
MAT-31249,Background Material,CID-0534,2416.92,legacy mapping,2026-05-09,2026
MAT-31250,Background Material,CID-0535,1245.86,legacy mapping,2026-09-17,2025
MAT-31251,Background Material,CID-0536,3129.98,,2024-08-01,2025
MAT-31252,Background Material,CID-0537,4466.94,confirmed 2025 review,2025-03-06,2024
MAT-31253,Background Material,CID-0538,3802.43,legacy mapping,2024-08-11,2026
MAT-31254,Background Material,CID-0539,3435.11,,2024-02-25,2024
MAT-31255,Background Material,CID-0540,1066.87,legacy mapping,2025-09-16,2024
MAT-31256,Background Material,CID-0541,3424.05,,2026-11-05,2025
MAT-31257,Background Material,CID-0542,782.78,confirmed 2025 review,2024-03-20,2026
MAT-31258,Background Material,CID-0543,786.51,confirmed 2025 review,2026-10-26,2025
MAT-31259,Background Material,CID-0544,3898.99,legacy mapping,2024-05-16,2025
MAT-31260,Background Material,CID-0545,1854.58,legacy mapping,2025-12-12,2026
MAT-31261,Background Material,CID-0546,1577.42,legacy mapping,2025-10-13,2025
MAT-31262,Background Material,CID-0547,29.36,confirmed 2025 review,2024-07-12,2026
MAT-31263,Background Material,CID-0548,4027.05,confirmed 2025 review,2025-01-27,2026
MAT-31264,Background Material,CID-0549,1011.86,legacy mapping,2025-06-01,2025
MAT-31265,Background Material,CID-0550,2138.06,confirmed 2025 review,2025-09-18,2026
MAT-31266,Background Material,CID-0551,998.06,,2026-09-15,2025
MAT-31267,Background Material,CID-0552,535.07,,2024-06-24,2025
MAT-31268,Background Material,CID-0553,4707.53,confirmed 2025 review,2024-11-13,2026
MAT-31269,Background Material,CID-0554,4798.7,confirmed 2025 review,2024-05-20,2026
MAT-31270,Background Material,CID-0500,1875.72,,2024-11-11,2025
MAT-31271,Background Material,CID-0501,2689.94,confirmed 2025 review,2025-02-16,2024
MAT-31272,Background Material,CID-0502,4404.37,,2025-12-14,2024
MAT-31273,Background Material,CID-0503,4369.88,legacy mapping,2026-04-18,2024
MAT-31274,Background Material,CID-0504,2191.87,legacy mapping,2026-09-25,2026
MAT-31275,Background Material,CID-0505,1304.33,legacy mapping,2026-01-05,2024
MAT-31276,Background Material,CID-0506,4353.76,legacy mapping,2025-08-24,2024
MAT-31277,Background Material,CID-0507,921.52,confirmed 2025 review,2024-08-12,2025
MAT-31278,Background Material,CID-0508,995.73,legacy mapping,2025-10-24,2024
MAT-31279,Background Material,CID-0509,702.21,confirmed 2025 review,2025-07-26,2025
MAT-31280,Background Material,CID-0510,3990.69,,2026-06-01,2026
MAT-31281,Background Material,CID-0511,2186.6,,2026-06-26,2026
MAT-31282,Background Material,CID-0512,2460.56,legacy mapping,2026-02-24,2024
MAT-31283,Background Material,CID-0513,2826.97,,2026-03-26,2026
MAT-31284,Background Material,CID-0514,4231.65,,2026-08-20,2026
MAT-31285,Background Material,CID-0515,4964.76,,2026-07-27,2025
MAT-31286,Background Material,CID-0516,2329.11,,2026-06-03,2024
MAT-31287,Background Material,CID-0517,3239.55,legacy mapping,2025-09-25,2026
MAT-31288,Background Material,CID-0518,3697.55,confirmed 2025 review,2024-07-19,2025
MAT-31289,Background Material,CID-0519,32.76,confirmed 2025 review,2024-01-08,2025
MAT-31290,Background Material,CID-0520,2136.32,legacy mapping,2024-10-22,2025
MAT-31291,Background Material,CID-0521,2662.29,,2026-06-23,2026
MAT-31292,Background Material,CID-0522,763.87,,2024-05-06,2024
MAT-31293,Background Material,CID-0523,132.1,,2024-09-12,2024
MAT-31294,Background Material,CID-0524,1637.98,legacy mapping,2024-11-07,2024
MAT-31295,Background Material,CID-0525,1515.34,confirmed 2025 review,2025-04-07,2025
MAT-31296,Background Material,CID-0526,137.45,confirmed 2025 review,2024-07-01,2025
MAT-31297,Background Material,CID-0527,4337.8,,2025-01-15,2025
MAT-31298,Background Material,CID-0528,1996.49,,2025-10-27,2024
MAT-31299,Background Material,CID-0529,465.17,,2026-10-24,2026
MAT-31300,Background Material,CID-0530,609.4,,2024-08-24,2026
MAT-31301,Background Material,CID-0531,1792.59,legacy mapping,2025-04-07,2024
MAT-31302,Background Material,CID-0532,3999.16,legacy mapping,2025-05-17,2024
MAT-31303,Background Material,CID-0533,4724.54,,2024-07-26,2025
MAT-31304,Background Material,CID-0534,2002.14,,2025-06-10,2024
MAT-31305,Background Material,CID-0535,2171.31,legacy mapping,2024-12-03,2026
MAT-31306,Background Material,CID-0536,3218.27,confirmed 2025 review,2025-01-09,2026
MAT-31307,Background Material,CID-0537,3237.15,legacy mapping,2024-03-28,2024
MAT-31308,Background Material,CID-0538,887.61,,2024-09-05,2024
MAT-31309,Background Material,CID-0539,3475.66,,2024-10-26,2024
MAT-31310,Background Material,CID-0540,4331.86,legacy mapping,2025-10-14,2024
MAT-31311,Background Material,CID-0541,2096.78,,2026-03-24,2026
MAT-31312,Background Material,CID-0542,908.89,,2024-01-16,2024
MAT-31313,Background Material,CID-0543,1531.02,legacy mapping,2025-10-11,2024
MAT-31314,Background Material,CID-0544,3916.56,legacy mapping,2024-08-02,2026
MAT-31315,Background Material,CID-0545,4360.27,confirmed 2025 review,2024-09-13,2026
MAT-31316,Background Material,CID-0546,3612.89,,2024-02-01,2025
MAT-31317,Background Material,CID-0547,4486.05,,2025-02-04,2025
MAT-31318,Background Material,CID-0548,2322.7,confirmed 2025 review,2026-08-05,2026
MAT-31319,Background Material,CID-0549,4047.32,,2025-08-16,2025
MAT-31320,Background Material,CID-0550,641.86,legacy mapping,2026-11-23,2024
MAT-31321,Background Material,CID-0551,2389.47,,2024-04-17,2024
MAT-31322,Background Material,CID-0552,4027.43,,2024-11-03,2026
MAT-31323,Background Material,CID-0553,474.85,confirmed 2025 review,2025-10-04,2024
MAT-31324,Background Material,CID-0554,1131.89,,2026-11-10,2025
MAT-31325,Background Material,CID-0500,3552.59,confirmed 2025 review,2026-10-17,2026
MAT-31326,Background Material,CID-0501,2886.26,legacy mapping,2024-06-14,2025
MAT-31327,Background Material,CID-0502,3306.35,,2026-07-21,2024
MAT-31328,Background Material,CID-0503,3971.18,,2024-03-21,2024
MAT-31329,Background Material,CID-0504,4177.06,,2024-07-11,2024
MAT-31330,Background Material,CID-0505,2860.86,confirmed 2025 review,2025-04-21,2026
MAT-31331,Background Material,CID-0506,2028.88,,2025-10-09,2026
MAT-31332,Background Material,CID-0507,2199.88,legacy mapping,2026-09-11,2025
MAT-31333,Background Material,CID-0508,4983.43,,2025-06-26,2025
MAT-31334,Background Material,CID-0509,3860.27,confirmed 2025 review,2026-02-22,2025
MAT-31335,Background Material,CID-0510,3816.58,legacy mapping,2024-06-14,2026
MAT-31336,Background Material,CID-0511,128.04,,2024-04-15,2024
MAT-31337,Background Material,CID-0512,602.27,legacy mapping,2024-06-10,2025
MAT-31338,Background Material,CID-0513,2181.38,,2026-03-13,2026
MAT-31339,Background Material,CID-0514,975.2,,2024-04-24,2026
MAT-31340,Background Material,CID-0515,1770.33,,2026-09-17,2024
MAT-31341,Background Material,CID-0516,4001.5,legacy mapping,2026-04-23,2026
MAT-31342,Background Material,CID-0517,834.6,,2024-11-06,2026
MAT-31343,Background Material,CID-0518,3171.93,,2026-03-18,2026
MAT-31344,Background Material,CID-0519,2120.65,,2025-01-13,2025
MAT-31345,Background Material,CID-0520,1949.47,confirmed 2025 review,2025-08-11,2024
MAT-31346,Background Material,CID-0521,3608.02,legacy mapping,2024-02-09,2026
MAT-31347,Background Material,CID-0522,2779.23,legacy mapping,2024-12-20,2026
MAT-31348,Background Material,CID-0523,4796.42,,2025-03-05,2025
MAT-31349,Background Material,CID-0524,4112.38,,2025-03-21,2025
MAT-31350,Background Material,CID-0525,1955.61,,2024-06-03,2024
MAT-31351,Background Material,CID-0526,4816.82,legacy mapping,2024-07-04,2026
MAT-31352,Background Material,CID-0527,3698.54,,2024-08-05,2026
MAT-31353,Background Material,CID-0528,1378.08,legacy mapping,2024-11-04,2026
MAT-31354,Background Material,CID-0529,1556.49,,2026-10-16,2024
MAT-31355,Background Material,CID-0530,3302.45,legacy mapping,2024-09-24,2026
MAT-31356,Background Material,CID-0531,2272.38,,2026-06-09,2024
MAT-31357,Background Material,CID-0532,1908.13,legacy mapping,2024-11-15,2025
MAT-31358,Background Material,CID-0533,2925.31,confirmed 2025 review,2025-04-17,2024
MAT-31359,Background Material,CID-0534,443.78,legacy mapping,2024-11-16,2026
MAT-31360,Background Material,CID-0535,4816.26,confirmed 2025 review,2024-11-04,2025
MAT-31361,Background Material,CID-0536,4211.78,legacy mapping,2025-11-17,2025
MAT-31362,Background Material,CID-0537,2098.81,legacy mapping,2025-02-01,2024
MAT-31363,Background Material,CID-0538,3565.76,confirmed 2025 review,2024-10-16,2024
MAT-31364,Background Material,CID-0539,2955.83,legacy mapping,2024-12-16,2026
MAT-31365,Background Material,CID-0540,3033.6,confirmed 2025 review,2026-09-28,2026
MAT-31366,Background Material,CID-0541,1913.55,,2026-11-04,2026
MAT-31367,Background Material,CID-0542,475.47,,2025-10-22,2026
MAT-31368,Background Material,CID-0543,4519.04,confirmed 2025 review,2025-12-24,2024
MAT-31369,Background Material,CID-0544,1737.17,confirmed 2025 review,2025-10-28,2026
MAT-31370,Background Material,CID-0545,187.34,confirmed 2025 review,2026-12-25,2025
MAT-31371,Background Material,CID-0546,3345.67,,2024-10-06,2024
MAT-31372,Background Material,CID-0547,3152.98,legacy mapping,2024-05-14,2024
MAT-31373,Background Material,CID-0548,3645.56,legacy mapping,2025-11-12,2025
MAT-31374,Background Material,CID-0549,4867.92,,2025-08-26,2024
MAT-31375,Background Material,CID-0550,1623.24,legacy mapping,2024-04-18,2026
MAT-31376,Background Material,CID-0551,3241.79,confirmed 2025 review,2025-03-28,2025
MAT-31377,Background Material,CID-0552,4283.38,legacy mapping,2025-10-18,2026
MAT-31378,Background Material,CID-0553,4025.97,,2025-05-04,2026
MAT-31379,Background Material,CID-0554,453.07,confirmed 2025 review,2025-10-16,2026
MAT-31380,Background Material,CID-0500,931.77,confirmed 2025 review,2024-05-28,2026
MAT-31381,Background Material,CID-0501,2427.72,legacy mapping,2025-06-25,2024
MAT-31382,Background Material,CID-0502,4796.58,legacy mapping,2024-02-07,2026
MAT-31383,Background Material,CID-0503,1553.33,legacy mapping,2026-09-06,2025
MAT-31384,Background Material,CID-0504,3092.74,,2024-02-03,2026
MAT-31385,Background Material,CID-0505,2990.25,confirmed 2025 review,2025-03-23,2025
MAT-31386,Background Material,CID-0506,2664.61,confirmed 2025 review,2024-07-04,2026
MAT-31387,Background Material,CID-0507,4073.05,legacy mapping,2026-10-03,2025
MAT-31388,Background Material,CID-0508,4997.2,confirmed 2025 review,2024-04-18,2024
MAT-31389,Background Material,CID-0509,3337.94,legacy mapping,2024-08-08,2026
MAT-31390,Background Material,CID-0510,4916.33,,2024-08-21,2024
MAT-31391,Background Material,CID-0511,727.74,legacy mapping,2024-01-28,2026
MAT-31392,Background Material,CID-0512,2416.88,confirmed 2025 review,2025-09-18,2026
MAT-31393,Background Material,CID-0513,962.0,,2026-10-13,2026
MAT-31394,Background Material,CID-0514,2877.71,confirmed 2025 review,2026-05-23,2025
MAT-31395,Background Material,CID-0515,4017.33,legacy mapping,2025-06-12,2024
MAT-31396,Background Material,CID-0516,1601.45,legacy mapping,2024-12-05,2025
MAT-31397,Background Material,CID-0517,4299.86,,2026-10-05,2024
MAT-31398,Background Material,CID-0518,4905.07,confirmed 2025 review,2026-06-04,2026
MAT-31399,Background Material,CID-0519,1139.89,legacy mapping,2026-12-21,2026
MAT-31400,Background Material,CID-0520,4105.57,,2025-05-19,2024
MAT-31401,Background Material,CID-0521,2301.73,confirmed 2025 review,2025-10-14,2024
MAT-31402,Background Material,CID-0522,4765.87,,2024-09-15,2026
MAT-31403,Background Material,CID-0523,3251.74,legacy mapping,2025-12-05,2024
MAT-31404,Background Material,CID-0524,3410.35,,2026-05-19,2025
MAT-31405,Background Material,CID-0525,4736.81,,2026-10-16,2025
MAT-31406,Background Material,CID-0526,3521.38,,2025-04-22,2025
MAT-31407,Background Material,CID-0527,1549.82,legacy mapping,2025-04-19,2026
MAT-31408,Background Material,CID-0528,4731.39,,2026-11-19,2025
MAT-31409,Background Material,CID-0529,4313.81,,2026-06-19,2024
MAT-31410,Background Material,CID-0530,3873.33,,2026-02-17,2025
MAT-31411,Background Material,CID-0531,3652.17,,2024-10-25,2024
MAT-31412,Background Material,CID-0532,4178.86,,2026-08-24,2024
MAT-31413,Background Material,CID-0533,1659.62,,2025-10-23,2026
MAT-31414,Background Material,CID-0534,1937.87,confirmed 2025 review,2025-12-16,2024
MAT-31415,Background Material,CID-0535,4236.48,,2024-05-12,2024
MAT-31416,Background Material,CID-0536,3536.61,legacy mapping,2025-02-06,2025
MAT-31417,Background Material,CID-0537,2007.74,,2025-11-21,2024
MAT-31418,Background Material,CID-0538,1699.26,,2026-05-01,2026
MAT-31419,Background Material,CID-0539,305.44,,2026-06-04,2024
MAT-31420,Background Material,CID-0540,9.64,,2024-06-13,2025
MAT-31421,Background Material,CID-0541,139.24,legacy mapping,2024-03-07,2026
MAT-31422,Background Material,CID-0542,3104.74,,2026-04-12,2024
MAT-31423,Background Material,CID-0543,4360.61,,2026-06-19,2024
MAT-31424,Background Material,CID-0544,4457.29,,2026-03-27,2025
MAT-31425,Background Material,CID-0545,152.68,,2026-02-26,2025
MAT-31426,Background Material,CID-0546,4675.23,,2025-11-06,2026
MAT-31427,Background Material,CID-0547,2592.93,,2025-04-20,2024
MAT-31428,Background Material,CID-0548,4986.71,legacy mapping,2025-11-18,2025
MAT-31429,Background Material,CID-0549,3920.53,,2026-09-03,2025
MAT-31430,Background Material,CID-0550,1231.86,,2024-08-07,2025
MAT-31431,Background Material,CID-0551,208.91,,2025-11-23,2026
MAT-31432,Background Material,CID-0552,494.8,,2026-11-11,2026
MAT-31433,Background Material,CID-0553,2815.42,confirmed 2025 review,2026-11-07,2025
MAT-31434,Background Material,CID-0554,1602.26,confirmed 2025 review,2024-05-21,2025
MAT-31435,Background Material,CID-0500,2021.79,confirmed 2025 review,2024-08-01,2025
MAT-31436,Background Material,CID-0501,522.49,confirmed 2025 review,2026-07-10,2025
MAT-31437,Background Material,CID-0502,4961.44,legacy mapping,2026-12-02,2026
MAT-31438,Background Material,CID-0503,4156.45,,2024-05-19,2026
MAT-31439,Background Material,CID-0504,4501.48,,2026-06-24,2024
MAT-31440,Background Material,CID-0505,2671.93,,2025-07-07,2025
MAT-31441,Background Material,CID-0506,4820.97,,2026-07-24,2026
MAT-31442,Background Material,CID-0507,2620.4,,2026-06-22,2026
MAT-31443,Background Material,CID-0508,224.56,,2024-08-06,2024
MAT-31444,Background Material,CID-0509,3562.34,,2026-04-16,2024
MAT-31445,Background Material,CID-0510,2856.16,,2024-07-07,2026
MAT-31446,Background Material,CID-0511,582.54,legacy mapping,2024-04-22,2025
MAT-31447,Background Material,CID-0512,4922.03,confirmed 2025 review,2024-06-27,2025
MAT-31448,Background Material,CID-0513,224.74,,2026-04-20,2026
MAT-31449,Background Material,CID-0514,1291.67,confirmed 2025 review,2026-10-23,2026
MAT-31450,Background Material,CID-0515,1549.39,legacy mapping,2025-12-01,2025
MAT-31451,Background Material,CID-0516,4117.95,confirmed 2025 review,2025-04-27,2025
MAT-31452,Background Material,CID-0517,1267.87,,2026-12-13,2024
MAT-31453,Background Material,CID-0518,3480.31,confirmed 2025 review,2024-11-23,2024
MAT-31454,Background Material,CID-0519,353.55,,2024-03-26,2025
MAT-31455,Background Material,CID-0520,333.44,legacy mapping,2024-12-09,2026
MAT-31456,Background Material,CID-0521,3575.4,confirmed 2025 review,2025-09-10,2025
MAT-31457,Background Material,CID-0522,4277.68,legacy mapping,2024-02-13,2024
MAT-31458,Background Material,CID-0523,4751.1,confirmed 2025 review,2024-03-17,2024
MAT-31459,Background Material,CID-0524,2345.32,,2024-04-02,2025
MAT-31460,Background Material,CID-0525,923.21,,2024-07-20,2025
MAT-31461,Background Material,CID-0526,2191.1,,2025-10-25,2024
MAT-31462,Background Material,CID-0527,3314.72,,2024-12-11,2024
MAT-31463,Background Material,CID-0528,2844.44,,2025-05-06,2025
MAT-31464,Background Material,CID-0529,2310.72,,2025-07-05,2025
MAT-31465,Background Material,CID-0530,2528.47,,2024-11-07,2025
MAT-31466,Background Material,CID-0531,3290.4,confirmed 2025 review,2024-08-03,2024
MAT-31467,Background Material,CID-0532,3008.7,legacy mapping,2026-03-05,2026
MAT-31468,Background Material,CID-0533,4820.92,,2024-11-03,2025
MAT-31469,Background Material,CID-0534,2590.72,,2026-12-06,2026
MAT-31470,Background Material,CID-0535,4664.07,legacy mapping,2024-03-04,2026
MAT-31471,Background Material,CID-0536,1169.08,confirmed 2025 review,2024-10-02,2025
MAT-31472,Background Material,CID-0537,3843.71,,2024-11-02,2026
MAT-31473,Background Material,CID-0538,2728.37,,2026-08-19,2026
MAT-31474,Background Material,CID-0539,1930.89,confirmed 2025 review,2025-12-08,2026
MAT-31475,Background Material,CID-0540,2453.32,legacy mapping,2025-11-15,2025
MAT-31476,Background Material,CID-0541,4597.21,,2025-09-12,2024
MAT-31477,Background Material,CID-0542,722.89,,2025-05-06,2025
MAT-31478,Background Material,CID-0543,3700.29,confirmed 2025 review,2025-03-02,2025
MAT-31479,Background Material,CID-0544,2052.45,,2025-03-27,2026
MAT-31480,Background Material,CID-0545,1765.35,confirmed 2025 review,2025-07-15,2026
MAT-31481,Background Material,CID-0546,2262.11,confirmed 2025 review,2025-06-11,2025
MAT-31482,Background Material,CID-0547,3327.2,,2026-09-07,2024
MAT-31483,Background Material,CID-0548,1085.58,,2026-04-28,2026
MAT-31484,Background Material,CID-0549,3296.97,legacy mapping,2025-09-28,2025
MAT-31485,Background Material,CID-0550,1874.71,legacy mapping,2024-07-05,2025
MAT-31486,Background Material,CID-0551,544.14,confirmed 2025 review,2025-10-14,2024
MAT-31487,Background Material,CID-0552,997.85,legacy mapping,2026-03-22,2025
MAT-31488,Background Material,CID-0553,4685.67,confirmed 2025 review,2024-08-01,2026
MAT-31489,Background Material,CID-0554,1033.06,,2025-12-22,2026
MAT-31490,Background Material,CID-0500,3846.43,confirmed 2025 review,2026-04-05,2025
MAT-31491,Background Material,CID-0501,1583.14,,2026-03-25,2025
MAT-31492,Background Material,CID-0502,1581.76,,2026-02-26,2024
MAT-31493,Background Material,CID-0503,429.66,,2024-06-28,2024
MAT-31494,Background Material,CID-0504,1567.16,legacy mapping,2024-12-05,2024
MAT-31495,Background Material,CID-0505,1538.5,,2025-10-11,2026
MAT-31496,Background Material,CID-0506,4522.67,confirmed 2025 review,2025-06-23,2024
MAT-31497,Background Material,CID-0507,1449.42,,2026-03-05,2024
MAT-31498,Background Material,CID-0508,2076.51,confirmed 2025 review,2024-09-18,2026
MAT-31499,Background Material,CID-0509,2348.37,legacy mapping,2026-04-04,2026
MAT-31500,Background Material,CID-0510,4727.06,confirmed 2025 review,2024-01-05,2025
MAT-31501,Background Material,CID-0511,2364.59,confirmed 2025 review,2024-01-19,2026
MAT-31502,Background Material,CID-0512,4938.88,legacy mapping,2025-10-19,2024
MAT-31503,Background Material,CID-0513,2237.22,,2025-11-19,2025
MAT-31504,Background Material,CID-0514,4428.13,,2025-02-06,2024
MAT-31505,Background Material,CID-0515,3120.53,confirmed 2025 review,2024-02-26,2026
MAT-31506,Background Material,CID-0516,986.46,legacy mapping,2025-12-26,2024
MAT-31507,Background Material,CID-0517,1774.2,confirmed 2025 review,2024-10-19,2025
MAT-31508,Background Material,CID-0518,4958.52,legacy mapping,2025-04-17,2025
MAT-31509,Background Material,CID-0519,4910.2,,2025-06-06,2024
MAT-31510,Background Material,CID-0520,3247.38,legacy mapping,2025-08-14,2025
MAT-31511,Background Material,CID-0521,203.24,confirmed 2025 review,2026-02-11,2026
MAT-31512,Background Material,CID-0522,157.84,,2026-10-01,2025
MAT-31513,Background Material,CID-0523,1903.97,confirmed 2025 review,2025-07-02,2026
MAT-31514,Background Material,CID-0524,3359.85,confirmed 2025 review,2025-06-26,2026
MAT-31515,Background Material,CID-0525,4268.28,confirmed 2025 review,2025-12-11,2024
MAT-31516,Background Material,CID-0526,4714.59,legacy mapping,2026-04-16,2025
MAT-31517,Background Material,CID-0527,1334.1,confirmed 2025 review,2026-02-26,2026
MAT-31518,Background Material,CID-0528,4566.8,,2024-03-26,2024
MAT-31519,Background Material,CID-0529,1215.56,,2025-02-05,2026
MAT-31520,Background Material,CID-0530,4007.48,,2024-01-24,2024
MAT-31521,Background Material,CID-0531,3682.78,legacy mapping,2026-02-05,2026
MAT-31522,Background Material,CID-0532,3131.01,confirmed 2025 review,2026-06-26,2026
MAT-31523,Background Material,CID-0533,530.06,,2024-12-05,2024
MAT-31524,Background Material,CID-0534,4590.09,,2024-02-23,2024
MAT-31525,Background Material,CID-0535,20.2,,2024-01-23,2024
MAT-31526,Background Material,CID-0536,1935.12,,2025-04-23,2025
MAT-31527,Background Material,CID-0537,3027.68,,2025-05-24,2026
MAT-31528,Background Material,CID-0538,2959.47,,2025-03-17,2024
MAT-31529,Background Material,CID-0539,398.71,,2025-03-18,2026
MAT-31530,Background Material,CID-0540,4863.65,,2026-02-07,2024
MAT-31531,Background Material,CID-0541,4243.23,,2024-07-21,2026
MAT-31532,Background Material,CID-0542,1484.3,confirmed 2025 review,2026-11-10,2024
MAT-31533,Background Material,CID-0543,2133.19,legacy mapping,2026-04-17,2024
MAT-31534,Background Material,CID-0544,3274.56,legacy mapping,2025-03-03,2024
MAT-31535,Background Material,CID-0545,314.85,legacy mapping,2026-01-20,2025
MAT-31536,Background Material,CID-0546,400.68,confirmed 2025 review,2024-12-22,2024
MAT-31537,Background Material,CID-0547,1592.67,legacy mapping,2026-11-20,2026
MAT-31538,Background Material,CID-0548,4796.52,legacy mapping,2026-06-15,2025
MAT-31539,Background Material,CID-0549,3711.22,confirmed 2025 review,2025-08-10,2025
MAT-31540,Background Material,CID-0550,1568.06,,2024-10-06,2024
MAT-31541,Background Material,CID-0551,3454.63,confirmed 2025 review,2025-08-11,2025
MAT-31542,Background Material,CID-0552,2318.66,confirmed 2025 review,2025-03-05,2026
MAT-31543,Background Material,CID-0553,3753.01,confirmed 2025 review,2024-03-26,2025
MAT-31544,Background Material,CID-0554,1907.91,,2025-06-01,2025
MAT-31545,Background Material,CID-0500,3957.08,,2024-10-06,2024
MAT-31546,Background Material,CID-0501,475.14,confirmed 2025 review,2025-03-09,2025
MAT-31547,Background Material,CID-0502,989.58,confirmed 2025 review,2025-03-10,2026
MAT-31548,Background Material,CID-0503,1389.07,,2025-10-24,2025
MAT-31549,Background Material,CID-0504,2164.85,,2025-11-02,2025
MAT-31550,Background Material,CID-0505,4807.24,,2025-12-16,2026
MAT-31551,Background Material,CID-0506,1447.32,,2026-08-26,2024
MAT-31552,Background Material,CID-0507,2082.31,,2025-11-06,2025
MAT-31553,Background Material,CID-0508,3152.66,confirmed 2025 review,2026-02-20,2024
MAT-31554,Background Material,CID-0509,2648.65,legacy mapping,2026-06-26,2026
MAT-31555,Background Material,CID-0510,4320.62,legacy mapping,2026-08-03,2024
MAT-31556,Background Material,CID-0511,2235.94,confirmed 2025 review,2024-04-11,2026
MAT-31557,Background Material,CID-0512,1167.96,legacy mapping,2026-08-26,2025
MAT-31558,Background Material,CID-0513,2775.42,legacy mapping,2026-04-05,2025
MAT-31559,Background Material,CID-0514,3908.19,,2026-10-20,2024
MAT-31560,Background Material,CID-0515,4066.8,,2025-10-16,2024
MAT-31561,Background Material,CID-0516,1567.99,,2025-03-20,2025
MAT-31562,Background Material,CID-0517,407.46,confirmed 2025 review,2025-10-24,2025
MAT-31563,Background Material,CID-0518,335.56,confirmed 2025 review,2024-05-23,2024
MAT-31564,Background Material,CID-0519,1819.55,,2025-04-08,2026
MAT-31565,Background Material,CID-0520,16.26,legacy mapping,2026-08-18,2024
MAT-31566,Background Material,CID-0521,3918.64,legacy mapping,2025-06-20,2026
MAT-31567,Background Material,CID-0522,1001.09,,2026-10-04,2025
MAT-31568,Background Material,CID-0523,3667.37,,2026-09-10,2024
MAT-31569,Background Material,CID-0524,3953.76,confirmed 2025 review,2026-01-10,2025
MAT-31570,Background Material,CID-0525,1022.0,legacy mapping,2024-01-21,2026
MAT-31571,Background Material,CID-0526,3812.11,,2025-08-25,2024
MAT-31572,Background Material,CID-0527,2233.98,confirmed 2025 review,2026-03-20,2025
MAT-31573,Background Material,CID-0528,3792.55,,2025-08-09,2024
MAT-31574,Background Material,CID-0529,3531.78,confirmed 2025 review,2025-03-19,2024
MAT-31575,Background Material,CID-0530,1614.7,,2024-01-28,2025
MAT-31576,Background Material,CID-0531,2763.32,legacy mapping,2024-06-27,2026
MAT-31577,Background Material,CID-0532,1875.77,,2026-07-21,2025
MAT-31578,Background Material,CID-0533,1978.29,legacy mapping,2026-01-21,2025
MAT-31579,Background Material,CID-0534,1620.75,,2026-01-24,2026
MAT-31580,Background Material,CID-0535,3568.61,confirmed 2025 review,2024-02-05,2024
MAT-31581,Background Material,CID-0536,512.16,,2026-04-03,2025
MAT-31582,Background Material,CID-0537,4861.62,legacy mapping,2024-07-11,2024
MAT-31583,Background Material,CID-0538,2462.79,,2026-07-21,2025
MAT-31584,Background Material,CID-0539,3473.24,,2024-08-06,2024
MAT-31585,Background Material,CID-0540,3814.06,legacy mapping,2024-04-02,2026
MAT-31586,Background Material,CID-0541,3417.93,,2024-11-27,2026
MAT-31587,Background Material,CID-0542,1128.37,,2024-04-25,2024
MAT-31588,Background Material,CID-0543,4749.88,,2026-06-11,2025
MAT-31589,Background Material,CID-0544,3780.06,confirmed 2025 review,2024-09-25,2025
MAT-31590,Background Material,CID-0545,2461.64,confirmed 2025 review,2026-02-02,2024
MAT-31591,Background Material,CID-0546,2948.75,,2024-10-16,2024
MAT-31592,Background Material,CID-0547,1747.56,,2026-06-17,2024
MAT-31593,Background Material,CID-0548,1986.51,,2026-01-21,2026
MAT-31594,Background Material,CID-0549,3114.34,legacy mapping,2026-06-17,2025
MAT-31595,Background Material,CID-0550,800.16,,2026-05-11,2024
MAT-31596,Background Material,CID-0551,1635.96,legacy mapping,2025-02-21,2025
MAT-31597,Background Material,CID-0552,2258.8,confirmed 2025 review,2026-11-22,2026
MAT-31598,Background Material,CID-0553,3850.31,,2024-02-02,2025
MAT-31599,Background Material,CID-0554,4023.37,,2024-10-24,2026
MAT-31600,Background Material,CID-0500,1493.75,,2026-05-12,2025
MAT-31601,Background Material,CID-0501,272.78,,2026-05-07,2026
MAT-31602,Background Material,CID-0502,120.04,,2024-03-28,2025
MAT-31603,Background Material,CID-0503,1032.56,confirmed 2025 review,2026-06-15,2025
MAT-31604,Background Material,CID-0504,3009.46,,2025-08-18,2026
MAT-31605,Background Material,CID-0505,1427.43,,2024-10-04,2024
MAT-31606,Background Material,CID-0506,4263.55,,2024-05-01,2025
MAT-31607,Background Material,CID-0507,2225.86,,2024-01-12,2024
MAT-31608,Background Material,CID-0508,3229.21,confirmed 2025 review,2026-06-03,2025
MAT-31609,Background Material,CID-0509,2088.02,,2025-01-04,2025
MAT-31610,Background Material,CID-0510,710.05,confirmed 2025 review,2024-02-21,2026
MAT-31611,Background Material,CID-0511,4762.17,,2025-03-01,2024
MAT-31612,Background Material,CID-0512,431.39,,2025-10-23,2026
MAT-31613,Background Material,CID-0513,1366.4,,2026-10-16,2024
MAT-31614,Background Material,CID-0514,3657.44,,2024-02-13,2026
MAT-31615,Background Material,CID-0515,1887.75,,2025-07-27,2025
MAT-31616,Background Material,CID-0516,2062.71,,2026-01-22,2024
MAT-31617,Background Material,CID-0517,4797.18,legacy mapping,2026-05-24,2025
MAT-31618,Background Material,CID-0518,1014.29,legacy mapping,2024-11-09,2024
MAT-31619,Background Material,CID-0519,1174.86,confirmed 2025 review,2024-11-02,2026
MAT-31620,Background Material,CID-0520,4177.13,confirmed 2025 review,2026-12-16,2024
MAT-31621,Background Material,CID-0521,3578.13,,2025-06-03,2026
MAT-31622,Background Material,CID-0522,1837.12,confirmed 2025 review,2026-03-12,2026
MAT-31623,Background Material,CID-0523,4509.2,,2025-12-21,2025
MAT-31624,Background Material,CID-0524,2035.6,confirmed 2025 review,2025-08-12,2025
MAT-31625,Background Material,CID-0525,739.02,confirmed 2025 review,2026-09-14,2025
MAT-31626,Background Material,CID-0526,4806.97,,2026-05-05,2025
MAT-31627,Background Material,CID-0527,4623.67,confirmed 2025 review,2025-09-28,2026
MAT-31628,Background Material,CID-0528,822.22,,2025-09-28,2026
MAT-31629,Background Material,CID-0529,726.11,legacy mapping,2026-11-27,2026
MAT-31630,Background Material,CID-0530,797.98,,2024-12-13,2024
MAT-31631,Background Material,CID-0531,4117.39,,2026-09-02,2026
MAT-31632,Background Material,CID-0532,519.97,,2025-09-22,2024
MAT-31633,Background Material,CID-0533,3698.82,legacy mapping,2025-02-11,2026
MAT-31634,Background Material,CID-0534,4182.51,legacy mapping,2026-07-17,2026
MAT-31635,Background Material,CID-0535,4096.99,,2026-06-24,2025
MAT-31636,Background Material,CID-0536,3439.32,,2024-11-21,2025
MAT-31637,Background Material,CID-0537,779.35,,2026-01-26,2026
MAT-31638,Background Material,CID-0538,3999.88,confirmed 2025 review,2024-02-23,2025
MAT-31639,Background Material,CID-0539,1209.92,confirmed 2025 review,2025-04-18,2026
MAT-31640,Background Material,CID-0540,483.84,,2024-01-01,2025
MAT-31641,Background Material,CID-0541,606.26,,2026-02-03,2025
MAT-31642,Background Material,CID-0542,2263.54,,2025-06-22,2025
MAT-31643,Background Material,CID-0543,53.83,legacy mapping,2025-07-12,2024
MAT-31644,Background Material,CID-0544,1519.63,confirmed 2025 review,2026-10-19,2024
MAT-31645,Background Material,CID-0545,3395.91,,2025-06-12,2024
MAT-31646,Background Material,CID-0546,1279.66,confirmed 2025 review,2025-09-25,2024
MAT-31647,Background Material,CID-0547,2114.09,legacy mapping,2026-08-01,2025
MAT-31648,Background Material,CID-0548,194.32,confirmed 2025 review,2024-08-09,2026
MAT-31649,Background Material,CID-0549,461.15,,2026-12-21,2024
MAT-31650,Background Material,CID-0550,2273.98,legacy mapping,2024-10-16,2024
MAT-31651,Background Material,CID-0551,1615.04,confirmed 2025 review,2024-10-14,2024
MAT-31652,Background Material,CID-0552,52.46,,2026-11-25,2024
MAT-31653,Background Material,CID-0553,4677.76,confirmed 2025 review,2024-09-06,2025
MAT-31654,Background Material,CID-0554,1374.43,confirmed 2025 review,2026-11-24,2024
MAT-31655,Background Material,CID-0500,1266.77,,2026-09-16,2024
MAT-31656,Background Material,CID-0501,4511.41,legacy mapping,2024-01-10,2026
MAT-31657,Background Material,CID-0502,1657.75,,2026-03-27,2024
MAT-31658,Background Material,CID-0503,996.42,confirmed 2025 review,2024-01-13,2026
MAT-31659,Background Material,CID-0504,4034.21,,2025-01-10,2024
MAT-31660,Background Material,CID-0505,1117.89,confirmed 2025 review,2024-12-15,2026
MAT-31661,Background Material,CID-0506,4740.26,,2024-03-05,2024
MAT-31662,Background Material,CID-0507,3702.04,,2025-08-12,2026
MAT-31663,Background Material,CID-0508,2150.44,legacy mapping,2026-09-04,2025
MAT-31664,Background Material,CID-0509,2368.82,legacy mapping,2025-09-23,2025
MAT-31665,Background Material,CID-0510,335.63,,2025-11-12,2025
MAT-31666,Background Material,CID-0511,2007.23,,2024-02-01,2024
MAT-31667,Background Material,CID-0512,432.8,,2026-04-15,2026
MAT-31668,Background Material,CID-0513,4982.61,legacy mapping,2026-05-16,2024
MAT-31669,Background Material,CID-0514,4854.36,,2026-07-04,2026
MAT-31670,Background Material,CID-0515,199.74,,2024-05-05,2026
MAT-31671,Background Material,CID-0516,3507.67,,2025-01-17,2024
MAT-31672,Background Material,CID-0517,564.65,legacy mapping,2026-09-01,2025
MAT-31673,Background Material,CID-0518,4402.04,,2025-04-28,2025
MAT-31674,Background Material,CID-0519,4006.33,,2026-08-16,2025
MAT-31675,Background Material,CID-0520,1071.4,,2025-09-21,2026
MAT-31676,Background Material,CID-0521,2707.47,,2024-11-05,2026
MAT-31677,Background Material,CID-0522,727.87,,2025-09-03,2026
MAT-31678,Background Material,CID-0523,824.5,confirmed 2025 review,2026-06-08,2025
MAT-31679,Background Material,CID-0524,2032.55,confirmed 2025 review,2024-06-25,2025
MAT-31680,Background Material,CID-0525,139.3,legacy mapping,2025-08-20,2024
MAT-31681,Background Material,CID-0526,3743.29,,2025-10-26,2026
MAT-31682,Background Material,CID-0527,4443.83,,2024-10-17,2025
MAT-31683,Background Material,CID-0528,2486.17,,2025-10-01,2025
MAT-31684,Background Material,CID-0529,332.6,,2026-03-25,2026
MAT-31685,Background Material,CID-0530,200.7,legacy mapping,2025-05-15,2026
MAT-31686,Background Material,CID-0531,4034.25,legacy mapping,2025-09-20,2025
MAT-31687,Background Material,CID-0532,4596.71,confirmed 2025 review,2026-08-13,2026
MAT-31688,Background Material,CID-0533,2948.22,,2025-06-03,2026
MAT-31689,Background Material,CID-0534,2448.89,legacy mapping,2026-09-20,2026
MAT-31690,Background Material,CID-0535,315.61,legacy mapping,2025-05-20,2026
MAT-31691,Background Material,CID-0536,1139.98,legacy mapping,2024-10-07,2025
MAT-31692,Background Material,CID-0537,4861.73,,2025-09-22,2025
MAT-31693,Background Material,CID-0538,1393.33,confirmed 2025 review,2026-11-07,2026
MAT-31694,Background Material,CID-0539,4452.86,,2026-05-07,2026
MAT-31695,Background Material,CID-0540,3430.21,legacy mapping,2024-08-19,2026
MAT-31696,Background Material,CID-0541,867.9,legacy mapping,2026-04-07,2026
MAT-31697,Background Material,CID-0542,3949.94,legacy mapping,2024-11-26,2025
MAT-31698,Background Material,CID-0543,1875.62,confirmed 2025 review,2025-12-09,2026
MAT-31699,Background Material,CID-0544,2295.94,legacy mapping,2024-05-20,2024
MAT-31700,Background Material,CID-0545,1263.43,confirmed 2025 review,2026-07-01,2024
MAT-31701,Background Material,CID-0546,945.45,legacy mapping,2025-08-18,2026
MAT-31702,Background Material,CID-0547,4105.97,confirmed 2025 review,2024-05-02,2025
MAT-31703,Background Material,CID-0548,3140.94,confirmed 2025 review,2026-02-16,2025
MAT-31704,Background Material,CID-0549,1935.04,,2024-03-04,2025
MAT-31705,Background Material,CID-0550,3800.86,,2024-02-09,2024
MAT-31706,Background Material,CID-0551,2742.91,legacy mapping,2024-02-24,2026
MAT-31707,Background Material,CID-0552,2116.9,,2026-10-02,2024
MAT-31708,Background Material,CID-0553,558.05,legacy mapping,2025-07-08,2024
MAT-31709,Background Material,CID-0554,1102.97,legacy mapping,2026-06-27,2024
MAT-31710,Background Material,CID-0500,759.36,legacy mapping,2024-03-26,2025
MAT-31711,Background Material,CID-0501,1016.5,,2024-02-19,2026
MAT-31712,Background Material,CID-0502,3071.05,legacy mapping,2025-02-04,2024
MAT-31713,Background Material,CID-0503,4227.07,,2024-08-20,2024
MAT-31714,Background Material,CID-0504,4459.53,,2025-02-01,2024
MAT-31715,Background Material,CID-0505,3356.14,confirmed 2025 review,2026-10-28,2025
MAT-31716,Background Material,CID-0506,2231.38,,2024-02-14,2026
MAT-31717,Background Material,CID-0507,2221.22,,2026-07-28,2026
MAT-31718,Background Material,CID-0508,3753.72,,2026-05-07,2026
MAT-31719,Background Material,CID-0509,2458.11,legacy mapping,2025-01-16,2026
MAT-31720,Background Material,CID-0510,3078.57,confirmed 2025 review,2026-04-12,2024
MAT-31721,Background Material,CID-0511,3517.58,confirmed 2025 review,2024-07-07,2024
MAT-31722,Background Material,CID-0512,1571.74,confirmed 2025 review,2025-04-23,2025
MAT-31723,Background Material,CID-0513,4492.36,confirmed 2025 review,2026-08-01,2026
MAT-31724,Background Material,CID-0514,4676.39,,2026-12-03,2025
MAT-31725,Background Material,CID-0515,3565.64,,2025-10-12,2025
MAT-31726,Background Material,CID-0516,1905.47,confirmed 2025 review,2025-12-15,2025
MAT-31727,Background Material,CID-0517,448.22,legacy mapping,2025-04-09,2025
MAT-31728,Background Material,CID-0518,4558.08,legacy mapping,2025-03-06,2024
MAT-31729,Background Material,CID-0519,4268.38,,2024-07-12,2024
MAT-31730,Background Material,CID-0520,3803.79,,2026-03-03,2026
MAT-31731,Background Material,CID-0521,3476.87,,2025-02-17,2025
MAT-31732,Background Material,CID-0522,2266.05,legacy mapping,2024-07-09,2024
MAT-31733,Background Material,CID-0523,1146.21,legacy mapping,2024-09-03,2024
MAT-31734,Background Material,CID-0524,4359.18,,2026-11-26,2026
MAT-31735,Background Material,CID-0525,880.54,confirmed 2025 review,2025-03-08,2024
MAT-31736,Background Material,CID-0526,4038.84,,2026-12-03,2024
MAT-31737,Background Material,CID-0527,3864.41,legacy mapping,2024-09-04,2025
MAT-31738,Background Material,CID-0528,2767.64,legacy mapping,2026-03-05,2026
MAT-31739,Background Material,CID-0529,4660.82,,2024-06-28,2024
MAT-31740,Background Material,CID-0530,3831.98,,2026-09-02,2025
MAT-31741,Background Material,CID-0531,675.61,,2025-03-28,2024
MAT-31742,Background Material,CID-0532,1210.39,legacy mapping,2026-05-15,2024
MAT-31743,Background Material,CID-0533,2275.27,,2026-04-06,2026
MAT-31744,Background Material,CID-0534,3030.45,,2024-07-05,2024
MAT-31745,Background Material,CID-0535,1436.73,confirmed 2025 review,2026-07-18,2026
MAT-31746,Background Material,CID-0536,3631.45,confirmed 2025 review,2026-09-12,2026
MAT-31747,Background Material,CID-0537,2887.78,confirmed 2025 review,2025-09-14,2024
MAT-31748,Background Material,CID-0538,2516.26,confirmed 2025 review,2024-01-07,2024
MAT-31749,Background Material,CID-0539,2999.39,legacy mapping,2025-02-20,2025
MAT-31750,Background Material,CID-0540,1913.48,legacy mapping,2025-01-11,2025
MAT-31751,Background Material,CID-0541,994.32,,2024-07-25,2026
MAT-31752,Background Material,CID-0542,3751.99,confirmed 2025 review,2026-12-05,2026
MAT-31753,Background Material,CID-0543,3969.01,confirmed 2025 review,2024-03-01,2024
MAT-31754,Background Material,CID-0544,4518.41,legacy mapping,2025-07-15,2026
MAT-31755,Background Material,CID-0545,2326.56,,2025-03-14,2024
MAT-31756,Background Material,CID-0546,1227.58,,2026-02-10,2025
MAT-31757,Background Material,CID-0547,266.54,confirmed 2025 review,2025-11-28,2025
MAT-31758,Background Material,CID-0548,391.54,legacy mapping,2025-09-18,2025
MAT-31759,Background Material,CID-0549,203.58,confirmed 2025 review,2024-06-11,2024
MAT-31760,Background Material,CID-0550,1552.4,,2024-02-05,2026
MAT-31761,Background Material,CID-0551,3555.81,legacy mapping,2024-01-17,2024
MAT-31762,Background Material,CID-0552,3153.74,legacy mapping,2024-08-13,2025
MAT-31763,Background Material,CID-0553,3992.76,confirmed 2025 review,2025-10-11,2025
MAT-31764,Background Material,CID-0554,1840.47,,2025-08-14,2026
MAT-31765,Background Material,CID-0500,181.74,,2024-07-11,2026
MAT-31766,Background Material,CID-0501,3571.64,legacy mapping,2024-03-25,2024
MAT-31767,Background Material,CID-0502,466.85,confirmed 2025 review,2025-07-08,2024
MAT-31768,Background Material,CID-0503,221.02,,2024-04-14,2026
MAT-31769,Background Material,CID-0504,969.13,,2025-09-19,2025
MAT-31770,Background Material,CID-0505,4952.14,,2024-02-06,2024
MAT-31771,Background Material,CID-0506,1328.27,confirmed 2025 review,2024-04-15,2024
MAT-31772,Background Material,CID-0507,4624.18,confirmed 2025 review,2024-02-22,2025
MAT-31773,Background Material,CID-0508,4058.64,legacy mapping,2026-12-12,2025
MAT-31774,Background Material,CID-0509,4778.39,legacy mapping,2026-09-18,2026
MAT-31775,Background Material,CID-0510,1653.67,legacy mapping,2026-03-22,2026
MAT-31776,Background Material,CID-0511,4176.96,legacy mapping,2026-04-08,2024
MAT-31777,Background Material,CID-0512,2169.93,legacy mapping,2025-09-10,2025
MAT-31778,Background Material,CID-0513,4863.83,confirmed 2025 review,2024-10-10,2025
MAT-31779,Background Material,CID-0514,533.38,,2026-04-28,2024
MAT-31780,Background Material,CID-0515,4403.85,,2025-03-04,2026
MAT-31781,Background Material,CID-0516,2711.5,legacy mapping,2025-12-13,2025
MAT-31782,Background Material,CID-0517,2833.3,legacy mapping,2024-04-06,2026
MAT-31783,Background Material,CID-0518,2406.39,,2025-01-14,2025
MAT-31784,Background Material,CID-0519,4075.49,,2025-08-01,2025
MAT-31785,Background Material,CID-0520,4688.03,,2025-04-16,2025
MAT-31786,Background Material,CID-0521,4639.25,confirmed 2025 review,2026-04-13,2025
MAT-31787,Background Material,CID-0522,4247.4,legacy mapping,2024-10-26,2024
MAT-31788,Background Material,CID-0523,1681.22,legacy mapping,2026-07-28,2024
MAT-31789,Background Material,CID-0524,504.2,,2026-01-05,2026
MAT-31790,Background Material,CID-0525,2143.28,,2026-11-05,2024
MAT-31791,Background Material,CID-0526,11.43,,2024-03-10,2025
MAT-31792,Background Material,CID-0527,3394.02,legacy mapping,2026-10-03,2024
MAT-31793,Background Material,CID-0528,826.94,legacy mapping,2025-02-02,2026
MAT-31794,Background Material,CID-0529,412.65,,2026-01-27,2024
MAT-31795,Background Material,CID-0530,3947.92,confirmed 2025 review,2025-02-09,2026
MAT-31796,Background Material,CID-0531,1457.85,,2026-05-05,2024
MAT-31797,Background Material,CID-0532,2312.22,legacy mapping,2024-11-25,2026
MAT-31798,Background Material,CID-0533,2574.94,confirmed 2025 review,2026-04-23,2025
MAT-31799,Background Material,CID-0534,161.14,legacy mapping,2026-03-23,2025
MAT-31800,Background Material,CID-0535,4051.54,legacy mapping,2026-05-10,2026
MAT-31801,Background Material,CID-0536,3528.58,confirmed 2025 review,2025-04-26,2025
MAT-31802,Background Material,CID-0537,3331.61,,2024-08-05,2026
MAT-31803,Background Material,CID-0538,776.94,,2024-10-04,2024
MAT-31804,Background Material,CID-0539,539.26,confirmed 2025 review,2024-03-24,2024
MAT-31805,Background Material,CID-0540,1413.09,legacy mapping,2026-06-19,2024
MAT-31806,Background Material,CID-0541,3593.48,confirmed 2025 review,2025-02-21,2026
MAT-31807,Background Material,CID-0542,4712.95,legacy mapping,2026-04-16,2026
MAT-31808,Background Material,CID-0543,170.15,,2025-04-12,2024
MAT-31809,Background Material,CID-0544,245.51,legacy mapping,2025-03-27,2025
MAT-31810,Background Material,CID-0545,2318.06,confirmed 2025 review,2026-06-15,2024
MAT-31811,Background Material,CID-0546,4079.09,confirmed 2025 review,2026-06-25,2026
MAT-31812,Background Material,CID-0547,4340.8,,2024-03-09,2025
MAT-31813,Background Material,CID-0548,466.99,legacy mapping,2024-01-05,2024
MAT-31814,Background Material,CID-0549,2564.41,confirmed 2025 review,2025-04-24,2024
MAT-31815,Background Material,CID-0550,2089.93,,2026-06-23,2025
MAT-31816,Background Material,CID-0551,4001.24,legacy mapping,2025-01-04,2025
MAT-31817,Background Material,CID-0552,3858.07,,2024-03-11,2026
MAT-31818,Background Material,CID-0553,3293.67,legacy mapping,2026-07-17,2026
MAT-31819,Background Material,CID-0554,3062.71,,2025-12-26,2024
MAT-31820,Background Material,CID-0500,2275.31,legacy mapping,2026-08-02,2025
MAT-31821,Background Material,CID-0501,1663.69,confirmed 2025 review,2026-11-26,2024
MAT-31822,Background Material,CID-0502,2373.11,confirmed 2025 review,2025-10-19,2024
MAT-31823,Background Material,CID-0503,4615.52,,2025-05-10,2026
MAT-31824,Background Material,CID-0504,4260.97,,2026-10-09,2025
MAT-31825,Background Material,CID-0505,1327.56,,2024-04-27,2025
MAT-31826,Background Material,CID-0506,1195.66,,2025-01-03,2025
MAT-31827,Background Material,CID-0507,2676.75,confirmed 2025 review,2024-09-28,2026
MAT-31828,Background Material,CID-0508,3973.35,legacy mapping,2026-11-02,2025
MAT-31829,Background Material,CID-0509,4944.35,,2026-11-18,2025
MAT-31830,Background Material,CID-0510,3898.59,,2025-09-24,2025
MAT-31831,Background Material,CID-0511,887.01,,2024-11-14,2024
MAT-31832,Background Material,CID-0512,1644.55,,2025-01-04,2024
MAT-31833,Background Material,CID-0513,4655.48,legacy mapping,2024-11-10,2026
MAT-31834,Background Material,CID-0514,1286.21,,2025-04-24,2024
MAT-31835,Background Material,CID-0515,1807.79,legacy mapping,2025-09-23,2026
MAT-31836,Background Material,CID-0516,3195.47,,2024-02-28,2024
MAT-31837,Background Material,CID-0517,4767.97,,2025-03-04,2025
MAT-31838,Background Material,CID-0518,1688.31,confirmed 2025 review,2026-02-16,2026
MAT-31839,Background Material,CID-0519,3072.22,,2025-02-12,2024
MAT-31840,Background Material,CID-0520,1940.02,,2026-05-24,2024
MAT-31841,Background Material,CID-0521,4554.69,,2024-03-05,2025
MAT-31842,Background Material,CID-0522,802.54,,2025-11-12,2024
MAT-31843,Background Material,CID-0523,1701.56,confirmed 2025 review,2025-02-26,2026
MAT-31844,Background Material,CID-0524,3879.53,confirmed 2025 review,2024-03-07,2026
MAT-31845,Background Material,CID-0525,3187.81,,2026-04-27,2026
MAT-31846,Background Material,CID-0526,4669.05,confirmed 2025 review,2026-08-13,2025
MAT-31847,Background Material,CID-0527,3212.99,,2024-01-15,2024
MAT-31848,Background Material,CID-0528,19.6,legacy mapping,2024-11-12,2026
MAT-31849,Background Material,CID-0529,1694.29,,2025-08-03,2024
